11	http://pt.dbpedia.org/resource/Dance_music
11	http://pt.dbpedia.org/resource/Electropop
11	http://pt.dbpedia.org/resource/Música_pop
18	http://pt.dbpedia.org/resource/Dance_music
18	http://pt.dbpedia.org/resource/Música_pop
19	http://pt.dbpedia.org/resource/Dance_music
19	http://pt.dbpedia.org/resource/Música_pop
33	http://pt.dbpedia.org/resource/Reggae
33	http://pt.dbpedia.org/resource/R&B
33	http://pt.dbpedia.org/resource/Hip_hop
33	http://pt.dbpedia.org/resource/Dancehall
33	http://pt.dbpedia.org/resource/Música_pop
34	http://pt.dbpedia.org/resource/Reggae
34	http://pt.dbpedia.org/resource/R&B
34	http://pt.dbpedia.org/resource/Hip_hop
34	http://pt.dbpedia.org/resource/Dancehall
34	http://pt.dbpedia.org/resource/Música_pop
46	http://pt.dbpedia.org/resource/Rock_alternativo
46	http://pt.dbpedia.org/resource/Indie_rock
46	http://pt.dbpedia.org/resource/Britpop
68	http://pt.dbpedia.org/resource/Soul
68	http://pt.dbpedia.org/resource/R&B
68	http://pt.dbpedia.org/resource/M%C3%BAsica_pop
69	http://pt.dbpedia.org/resource/Soul
69	http://pt.dbpedia.org/resource/R&B
69	http://pt.dbpedia.org/resource/M%C3%BAsica_pop
70	http://pt.dbpedia.org/resource/Jazz
70	http://pt.dbpedia.org/resource/Dance_music
70	http://pt.dbpedia.org/resource/Soul
70	http://pt.dbpedia.org/resource/R&B
70	http://pt.dbpedia.org/resource/Música_pop
76	http://pt.dbpedia.org/resource/Pop_rock
76	http://pt.dbpedia.org/resource/Música_pop
76	http://pt.dbpedia.org/resource/Música_dance
80	http://pt.dbpedia.org/resource/Rock
80	http://pt.dbpedia.org/resource/Funk
80	http://pt.dbpedia.org/resource/R&B
80	http://pt.dbpedia.org/resource/Pop
83	http://pt.dbpedia.org/resource/Rock
83	http://pt.dbpedia.org/resource/Funk
83	http://pt.dbpedia.org/resource/R&B
83	http://pt.dbpedia.org/resource/Pop
104	http://pt.dbpedia.org/resource/Soul
104	http://pt.dbpedia.org/resource/Música_pop
105	http://pt.dbpedia.org/resource/Rock_alternativo
105	http://pt.dbpedia.org/resource/Pop_rock
105	http://pt.dbpedia.org/resource/Funk_rock
105	http://pt.dbpedia.org/resource/Pop
106	http://pt.dbpedia.org/resource/Rock_alternativo
106	http://pt.dbpedia.org/resource/Evanescence
106	http://pt.dbpedia.org/resource/Metal_alternativo
107	http://pt.dbpedia.org/resource/Pop_rock
107	http://pt.dbpedia.org/resource/Blues
107	http://pt.dbpedia.org/resource/Blues-rock
107	http://pt.dbpedia.org/resource/Blue-eyed_soul
183	http://pt.dbpedia.org/resource/Rock_alternativo
183	http://pt.dbpedia.org/resource/Metal_alternativo
183	http://pt.dbpedia.org/resource/Rock_progressivo
203	http://pt.dbpedia.org/resource/Dance
203	http://pt.dbpedia.org/resource/Pop_rock
203	http://pt.dbpedia.org/resource/R&B
203	http://pt.dbpedia.org/resource/Hip_hop
203	http://pt.dbpedia.org/resource/Música_pop
204	http://pt.dbpedia.org/resource/Dance
204	http://pt.dbpedia.org/resource/Pop_rock
204	http://pt.dbpedia.org/resource/R&B
204	http://pt.dbpedia.org/resource/Hip_hop
204	http://pt.dbpedia.org/resource/Música_pop
210	http://pt.dbpedia.org/resource/Pop_rock
210	http://pt.dbpedia.org/resource/Ska
210	http://pt.dbpedia.org/resource/Música_pop
211	http://pt.dbpedia.org/resource/Pop_rock
211	http://pt.dbpedia.org/resource/Ska
211	http://pt.dbpedia.org/resource/Música_pop
223	http://pt.dbpedia.org/resource/Rock_alternativo
223	http://pt.dbpedia.org/resource/Pop_rock
223	http://pt.dbpedia.org/resource/Pop_music
223	http://pt.dbpedia.org/resource/Dance_music
223	http://pt.dbpedia.org/resource/World_music
223	http://pt.dbpedia.org/resource/Latin_pop
223	http://pt.dbpedia.org/resource/Música_eletrônica
224	http://pt.dbpedia.org/resource/Rock_alternativo
224	http://pt.dbpedia.org/resource/Pop_rock
224	http://pt.dbpedia.org/resource/Pop_music
224	http://pt.dbpedia.org/resource/Dance_music
224	http://pt.dbpedia.org/resource/World_music
224	http://pt.dbpedia.org/resource/Latin_pop
224	http://pt.dbpedia.org/resource/Música_eletrônica
224	http://pt.dbpedia.org/resource/Rock_alternativo
224	http://pt.dbpedia.org/resource/Pop_rock
224	http://pt.dbpedia.org/resource/Pop_music
224	http://pt.dbpedia.org/resource/Dance_music
224	http://pt.dbpedia.org/resource/World_music
224	http://pt.dbpedia.org/resource/Latin_pop
224	http://pt.dbpedia.org/resource/Música_eletrônica
229	http://pt.dbpedia.org/resource/Pop_rock
229	http://pt.dbpedia.org/resource/Rock_and_roll
229	http://pt.dbpedia.org/resource/Rockabilly
229	http://pt.dbpedia.org/resource/Country_rock
229	http://pt.dbpedia.org/resource/R&B
229	http://pt.dbpedia.org/resource/Rock_gospel
234	http://pt.dbpedia.org/resource/Synthpop
234	http://pt.dbpedia.org/resource/Rock
234	http://pt.dbpedia.org/resource/Dance_music
234	http://pt.dbpedia.org/resource/Pop
234	http://pt.dbpedia.org/resource/Electronic
253	http://pt.dbpedia.org/resource/Dance_music
253	http://pt.dbpedia.org/resource/Soul_music
253	http://pt.dbpedia.org/resource/R&B
253	http://pt.dbpedia.org/resource/Hip-hop
253	http://pt.dbpedia.org/resource/Música_pop
266	http://pt.dbpedia.org/resource/Reggae
295	http://pt.dbpedia.org/resource/Pop_rock
295	http://pt.dbpedia.org/resource/R&B_punk
295	http://pt.dbpedia.org/resource/Dance_pop
295	http://pt.dbpedia.org/resource/Teen_pop
295	http://pt.dbpedia.org/resource/Electro_pop
295	http://pt.dbpedia.org/resource/Música_pop
297	http://pt.dbpedia.org/resource/Synthpop
297	http://pt.dbpedia.org/resource/Electropop
297	http://pt.dbpedia.org/resource/Música_disco
297	http://pt.dbpedia.org/resource/New_Wave_(música)
299	http://pt.dbpedia.org/resource/R&B
299	http://pt.dbpedia.org/resource/Hip-hop
299	http://pt.dbpedia.org/resource/Música_pop
322	http://pt.dbpedia.org/resource/R&B
322	http://pt.dbpedia.org/resource/Hip_hop
322	http://pt.dbpedia.org/resource/Black_music
322	http://pt.dbpedia.org/resource/Música_pop
323	http://pt.dbpedia.org/resource/R&B
323	http://pt.dbpedia.org/resource/Hip_hop
323	http://pt.dbpedia.org/resource/Black_music
323	http://pt.dbpedia.org/resource/Música_pop
383	http://pt.dbpedia.org/resource/Pop_rock
383	http://pt.dbpedia.org/resource/Soft_rock
383	http://pt.dbpedia.org/resource/Rock
383	http://pt.dbpedia.org/resource/Glam_rock
383	http://pt.dbpedia.org/resource/R&B
384	http://pt.dbpedia.org/resource/Pop_rock
384	http://pt.dbpedia.org/resource/Soft_rock
384	http://pt.dbpedia.org/resource/Rock
384	http://pt.dbpedia.org/resource/Glam_rock
384	http://pt.dbpedia.org/resource/R&B
427	http://pt.dbpedia.org/resource/Música_barroca
444	http://pt.dbpedia.org/resource/Pop_rock
444	http://pt.dbpedia.org/resource/R&B
444	http://pt.dbpedia.org/resource/Música_pop
457	http://pt.dbpedia.org/resource/Período_clássico_(música)
457	http://pt.dbpedia.org/resource/Período_clássico_(música)
554	http://pt.dbpedia.org/resource/Rhythm_and_blues
554	http://pt.dbpedia.org/resource/Dance-pop
554	http://pt.dbpedia.org/resource/Hip-hop
554	http://pt.dbpedia.org/resource/Pop_latino
554	http://pt.dbpedia.org/resource/Música_pop
555	http://pt.dbpedia.org/resource/Rhythm_and_blues
555	http://pt.dbpedia.org/resource/Dance-pop
555	http://pt.dbpedia.org/resource/Hip-hop
555	http://pt.dbpedia.org/resource/Pop_latino
555	http://pt.dbpedia.org/resource/Música_pop
570	http://pt.dbpedia.org/resource/Rock_alternativo
570	http://pt.dbpedia.org/resource/Metal_alternativo
570	http://pt.dbpedia.org/resource/Hard_rock
570	http://pt.dbpedia.org/resource/Nu_metal
570	http://pt.dbpedia.org/resource/Post-grunge
570	http://pt.dbpedia.org/resource/Metal_cristão
570	http://pt.dbpedia.org/resource/Rock_cristão
608	http://pt.dbpedia.org/resource/Synthpop
608	http://pt.dbpedia.org/resource/House_Music
608	http://pt.dbpedia.org/resource/Electropop
614	http://pt.dbpedia.org/resource/Rock_alternativo
614	http://pt.dbpedia.org/resource/Dance_Music
614	http://pt.dbpedia.org/resource/Funk
614	http://pt.dbpedia.org/resource/Soul
614	http://pt.dbpedia.org/resource/Hip_Hop
614	http://pt.dbpedia.org/resource/Música_eletrônica
615	http://pt.dbpedia.org/resource/Rock_alternativo
615	http://pt.dbpedia.org/resource/Dance_Music
615	http://pt.dbpedia.org/resource/Funk
615	http://pt.dbpedia.org/resource/Soul
615	http://pt.dbpedia.org/resource/Hip_Hop
615	http://pt.dbpedia.org/resource/Música_eletrônica
657	http://pt.dbpedia.org/resource/Dance
657	http://pt.dbpedia.org/resource/Pop_latino
657	http://pt.dbpedia.org/resource/Música_pop
672	http://pt.dbpedia.org/resource/Pop_rock
672	http://pt.dbpedia.org/resource/Soul
672	http://pt.dbpedia.org/resource/R&B
672	http://pt.dbpedia.org/resource/Pop
672	http://pt.dbpedia.org/resource/R&B_contemporâneo
734	http://pt.dbpedia.org/resource/Blues
734	http://pt.dbpedia.org/resource/Soul
734	http://pt.dbpedia.org/resource/R&B
734	http://pt.dbpedia.org/resource/Pop
734	http://pt.dbpedia.org/resource/Hip-Hop
734	http://pt.dbpedia.org/resource/Dance-Pop
920	http://pt.dbpedia.org/resource/Dance_music
920	http://pt.dbpedia.org/resource/R&B
920	http://pt.dbpedia.org/resource/Hip_hop
920	http://pt.dbpedia.org/resource/Música_pop
965	http://pt.dbpedia.org/resource/Soul
965	http://pt.dbpedia.org/resource/R&B
965	http://pt.dbpedia.org/resource/Música_pop
978	http://pt.dbpedia.org/resource/Rock
978	http://pt.dbpedia.org/resource/Power_pop
978	http://pt.dbpedia.org/resource/Dance-pop
978	http://pt.dbpedia.org/resource/Electropop
978	http://pt.dbpedia.org/resource/Música_pop
999	http://pt.dbpedia.org/resource/Dance_music
999	http://pt.dbpedia.org/resource/R&B
999	http://pt.dbpedia.org/resource/Música_pop
1008	http://pt.dbpedia.org/resource/Gospel
1008	http://pt.dbpedia.org/resource/R&B
1008	http://pt.dbpedia.org/resource/Música_soul
1008	http://pt.dbpedia.org/resource/Música_Pop
1110	http://pt.dbpedia.org/resource/Synthpop
1110	http://pt.dbpedia.org/resource/Indie_rock
1110	http://pt.dbpedia.org/resource/Dance-punk
1110	http://pt.dbpedia.org/resource/Indie_pop
1183	http://pt.dbpedia.org/resource/R&B
1183	http://pt.dbpedia.org/resource/Dance-pop
1183	http://pt.dbpedia.org/resource/Teen_pop
1183	http://pt.dbpedia.org/resource/Música_pop
1292	http://pt.dbpedia.org/resource/Synthpop
1292	http://pt.dbpedia.org/resource/Electropop
1292	http://pt.dbpedia.org/resource/Rock_eletrônico
1365	http://pt.dbpedia.org/resource/Rock_alternativo
1365	http://pt.dbpedia.org/resource/Rock
1365	http://pt.dbpedia.org/resource/Música_pop
1367	http://pt.dbpedia.org/resource/Pop_rock
1367	http://pt.dbpedia.org/resource/Música_pop
1367	http://pt.dbpedia.org/resource/Música_dance
1387	http://pt.dbpedia.org/resource/Rock
1387	http://pt.dbpedia.org/resource/Dance_music
1387	http://pt.dbpedia.org/resource/Música_disco
1387	http://pt.dbpedia.org/resource/Música_pop
1387	http://pt.dbpedia.org/resource/Música_folclórica
1414	http://pt.dbpedia.org/resource/Trilha_sonora
1418	http://pt.dbpedia.org/resource/R&B
1418	http://pt.dbpedia.org/resource/Dance-pop
1418	http://pt.dbpedia.org/resource/Pop
1418	http://pt.dbpedia.org/resource/Hip_Hop
1419	http://pt.dbpedia.org/resource/R&B
1419	http://pt.dbpedia.org/resource/Dance-pop
1419	http://pt.dbpedia.org/resource/Pop
1419	http://pt.dbpedia.org/resource/Hip_Hop
1470	http://pt.dbpedia.org/resource/Dance-pop
1470	http://pt.dbpedia.org/resource/Música_pop
1487	http://pt.dbpedia.org/resource/Heavy_metal
1487	http://pt.dbpedia.org/resource/Speed_metal
1487	http://pt.dbpedia.org/resource/Heavy_metal
1487	http://pt.dbpedia.org/resource/Speed_metal
1642	http://pt.dbpedia.org/resource/R&B
1642	http://pt.dbpedia.org/resource/Hip_hop
1642	http://pt.dbpedia.org/resource/Rap
1642	http://pt.dbpedia.org/resource/Black_music
1642	http://pt.dbpedia.org/resource/Pop_rap
1663	http://pt.dbpedia.org/resource/Electropop
1690	http://pt.dbpedia.org/resource/Música_clássica
1764	http://pt.dbpedia.org/resource/Dance_music
1764	http://pt.dbpedia.org/resource/R&B
1764	http://pt.dbpedia.org/resource/Hip_Hop
1764	http://pt.dbpedia.org/resource/J-Pop
1764	http://pt.dbpedia.org/resource/K-Pop
1764	http://pt.dbpedia.org/resource/Música_pop
1802	http://pt.dbpedia.org/resource/Dance
1802	http://pt.dbpedia.org/resource/Pop_rock
1809	http://pt.dbpedia.org/resource/Indie_rock
1809	http://pt.dbpedia.org/resource/Dance-punk
1809	http://pt.dbpedia.org/resource/Punk_blues
1885	http://pt.dbpedia.org/resource/R&B
1885	http://pt.dbpedia.org/resource/Dance-Pop
1885	http://pt.dbpedia.org/resource/Música_pop
1938	http://pt.dbpedia.org/resource/Rock_brasileiro
1938	http://pt.dbpedia.org/resource/Rock_alternativo
1938	http://pt.dbpedia.org/resource/Metal_alternativo
1938	http://pt.dbpedia.org/resource/Hard_rock
1970	http://pt.dbpedia.org/resource/Trilha_Sonora
1970	http://pt.dbpedia.org/resource/Música_clássica
2150	http://pt.dbpedia.org/resource/MPB
2150	http://pt.dbpedia.org/resource/Samba-rock
2150	http://pt.dbpedia.org/resource/Rock_and_roll
2150	http://pt.dbpedia.org/resource/Pop_punk
2150	http://pt.dbpedia.org/resource/Funk_rock
2150	http://pt.dbpedia.org/resource/Reggae
2150	http://pt.dbpedia.org/resource/Dub
2150	http://pt.dbpedia.org/resource/Hardcore_melódico
2296	http://pt.dbpedia.org/resource/Pop_rock
2296	http://pt.dbpedia.org/resource/Dance-pop
2296	http://pt.dbpedia.org/resource/Teen_pop
2296	http://pt.dbpedia.org/resource/Música_pop
2354	http://pt.dbpedia.org/resource/R&B
2354	http://pt.dbpedia.org/resource/Hip_hop
2354	http://pt.dbpedia.org/resource/Rap
2354	http://pt.dbpedia.org/resource/Música_pop
2410	http://pt.dbpedia.org/resource/Funk
2410	http://pt.dbpedia.org/resource/Soul
2410	http://pt.dbpedia.org/resource/R&B
2410	http://pt.dbpedia.org/resource/Hip_hop
2410	http://pt.dbpedia.org/resource/Rock_Alternativo
2410	http://pt.dbpedia.org/resource/Electronica
2410	http://pt.dbpedia.org/resource/Groove
2420	http://pt.dbpedia.org/resource/Rock_alternativo
2420	http://pt.dbpedia.org/resource/Emo
2420	http://pt.dbpedia.org/resource/Post-hardcore
2420	http://pt.dbpedia.org/resource/Metal_alternativo
2420	http://pt.dbpedia.org/resource/Space_rock
2420	http://pt.dbpedia.org/resource/New_prog
2420	http://pt.dbpedia.org/resource/Post-grunge
2711	http://pt.dbpedia.org/resource/Jazz
2712	http://pt.dbpedia.org/resource/Jazz
2723	http://pt.dbpedia.org/resource/Rock_instrumental
2723	http://pt.dbpedia.org/resource/Post-rock
2723	http://pt.dbpedia.org/resource/Math_rock
2731	http://pt.dbpedia.org/resource/Pop_punk
2731	http://pt.dbpedia.org/resource/Experimental_rock
2731	http://pt.dbpedia.org/resource/Rock_Alternativo
2732	http://pt.dbpedia.org/resource/Pop_punk
2732	http://pt.dbpedia.org/resource/Experimental_rock
2732	http://pt.dbpedia.org/resource/Rock_Alternativo
2748	http://pt.dbpedia.org/resource/Metal_alternativo
2748	http://pt.dbpedia.org/resource/Nu_metal
2748	http://pt.dbpedia.org/resource/Metalcore
2748	http://pt.dbpedia.org/resource/Death_metal_melódico
2836	http://pt.dbpedia.org/resource/Jazz
2836	http://pt.dbpedia.org/resource/Soul
2836	http://pt.dbpedia.org/resource/R&B
2836	http://pt.dbpedia.org/resource/Música_disco
2836	http://pt.dbpedia.org/resource/Música_pop
2846	http://pt.dbpedia.org/resource/Dance-pop
2846	http://pt.dbpedia.org/resource/Teen_pop
2846	http://pt.dbpedia.org/resource/Música_pop
2896	http://pt.dbpedia.org/resource/R&B
2954	http://pt.dbpedia.org/resource/Dance-pop
2954	http://pt.dbpedia.org/resource/Adult_contemporary
2954	http://pt.dbpedia.org/resource/Country_pop
2954	http://pt.dbpedia.org/resource/Música_pop
2963	http://pt.dbpedia.org/resource/Doo-wop
3035	http://pt.dbpedia.org/resource/Trilha_Sonora
3075	http://pt.dbpedia.org/resource/Folk
3075	http://pt.dbpedia.org/resource/New_Age
3075	http://pt.dbpedia.org/resource/Instrumental
3075	http://pt.dbpedia.org/resource/Ambiente
3075	http://pt.dbpedia.org/resource/Eletrônica
3105	http://pt.dbpedia.org/resource/Dance
3105	http://pt.dbpedia.org/resource/Electro
3105	http://pt.dbpedia.org/resource/Música_pop
3106	http://pt.dbpedia.org/resource/Dance
3106	http://pt.dbpedia.org/resource/Electro
3106	http://pt.dbpedia.org/resource/Música_pop
3106	http://pt.dbpedia.org/resource/Dance
3106	http://pt.dbpedia.org/resource/Electro
3106	http://pt.dbpedia.org/resource/Música_pop
3115	http://pt.dbpedia.org/resource/Pop
3115	http://pt.dbpedia.org/resource/Pop
3237	http://pt.dbpedia.org/resource/Romantismo
3237	http://pt.dbpedia.org/resource/Romantismo
3251	http://pt.dbpedia.org/resource/Rock_alternativo
3251	http://pt.dbpedia.org/resource/Pop_rock
3251	http://pt.dbpedia.org/resource/Indie_rock
3399	http://pt.dbpedia.org/resource/Rhythm_and_blues
3399	http://pt.dbpedia.org/resource/Soul
3399	http://pt.dbpedia.org/resource/Música_pop
3400	http://pt.dbpedia.org/resource/Rhythm_and_blues
3400	http://pt.dbpedia.org/resource/Soul
3400	http://pt.dbpedia.org/resource/Música_pop
3483	http://pt.dbpedia.org/resource/Folk_rock
3483	http://pt.dbpedia.org/resource/Indie_rock
3483	http://pt.dbpedia.org/resource/Country_alternativo
3491	http://pt.dbpedia.org/resource/Punk_rock
3491	http://pt.dbpedia.org/resource/Synthpop
3491	http://pt.dbpedia.org/resource/Synthpunk
3491	http://pt.dbpedia.org/resource/Rap_rock
3491	http://pt.dbpedia.org/resource/Punk_pop
3491	http://pt.dbpedia.org/resource/Visual_kei
3491	http://pt.dbpedia.org/resource/Synthrock
3535	http://pt.dbpedia.org/resource/Soft_rock
3535	http://pt.dbpedia.org/resource/Soul
3535	http://pt.dbpedia.org/resource/R&B
3583	http://pt.dbpedia.org/resource/Doom_metal
3583	http://pt.dbpedia.org/resource/Folk_metal
3583	http://pt.dbpedia.org/resource/Symphonic_metal
3583	http://pt.dbpedia.org/resource/Doom_metal
3583	http://pt.dbpedia.org/resource/Folk_metal
3583	http://pt.dbpedia.org/resource/Symphonic_metal
3618	http://pt.dbpedia.org/resource/Reggae
3628	http://pt.dbpedia.org/resource/Folk_rock
3628	http://pt.dbpedia.org/resource/Indie_folk
3692	http://pt.dbpedia.org/resource/Acid_rock
3692	http://pt.dbpedia.org/resource/Rock_de_garagem
3692	http://pt.dbpedia.org/resource/Rock_psicodélico
3735	http://pt.dbpedia.org/resource/Romantismo
3788	http://pt.dbpedia.org/resource/Electro_house
3788	http://pt.dbpedia.org/resource/Dutch_House
3789	http://pt.dbpedia.org/resource/Electro_house
3789	http://pt.dbpedia.org/resource/Dutch_House
3834	http://pt.dbpedia.org/resource/Thrashcore
3834	http://pt.dbpedia.org/resource/Crossover_Thrash
4025	http://pt.dbpedia.org/resource/MPB
4025	http://pt.dbpedia.org/resource/Rock
4025	http://pt.dbpedia.org/resource/MPB
4025	http://pt.dbpedia.org/resource/Rock
4038	http://pt.dbpedia.org/resource/Reggae
4147	http://pt.dbpedia.org/resource/Vocal
4147	http://pt.dbpedia.org/resource/Música_Pop
4428	http://pt.dbpedia.org/resource/Metal_progressivo
4490	http://pt.dbpedia.org/resource/Rock_experimental
4563	http://pt.dbpedia.org/resource/Mandopop
4610	http://pt.dbpedia.org/resource/Ópera
4617	http://pt.dbpedia.org/resource/Rock_alternativo
4617	http://pt.dbpedia.org/resource/Metal_alternativo
4617	http://pt.dbpedia.org/resource/Hip_hop
4617	http://pt.dbpedia.org/resource/Musica_pop
4617	http://pt.dbpedia.org/resource/Metal_avant-garde
4617	http://pt.dbpedia.org/resource/Música_experimental
4619	http://pt.dbpedia.org/resource/Rock_alternativo
4619	http://pt.dbpedia.org/resource/Metal_alternativo
4619	http://pt.dbpedia.org/resource/Hip_hop
4619	http://pt.dbpedia.org/resource/Musica_pop
4619	http://pt.dbpedia.org/resource/Metal_avant-garde
4619	http://pt.dbpedia.org/resource/Música_experimental
4682	http://pt.dbpedia.org/resource/Bossa_nova
4682	http://pt.dbpedia.org/resource/MPB
4682	http://pt.dbpedia.org/resource/Samba
4682	http://pt.dbpedia.org/resource/Xote
4682	http://pt.dbpedia.org/resource/Bossa_nova
4682	http://pt.dbpedia.org/resource/MPB
4682	http://pt.dbpedia.org/resource/Samba
4682	http://pt.dbpedia.org/resource/Xote
4735	http://pt.dbpedia.org/resource/Trilha_Sonora
4735	http://pt.dbpedia.org/resource/Ópera
4855	http://pt.dbpedia.org/resource/R&B
4855	http://pt.dbpedia.org/resource/Dance_pop
4855	http://pt.dbpedia.org/resource/Teen_Pop
4855	http://pt.dbpedia.org/resource/Música_disco
4855	http://pt.dbpedia.org/resource/Música_pop
4942	http://pt.dbpedia.org/resource/Funk
4942	http://pt.dbpedia.org/resource/Soul
4942	http://pt.dbpedia.org/resource/R&B
5008	http://pt.dbpedia.org/resource/Dance
5008	http://pt.dbpedia.org/resource/Música_pop
5008	http://pt.dbpedia.org/resource/Música_Eletrônica
5079	http://pt.dbpedia.org/resource/Trilha_Sonora
5238	http://pt.dbpedia.org/resource/Gangsta_rap
5238	http://pt.dbpedia.org/resource/West_Coast_hip_hop
5241	http://pt.dbpedia.org/resource/Rap_rock
5241	http://pt.dbpedia.org/resource/Nu_metal
5241	http://pt.dbpedia.org/resource/Rap_metal
5241	http://pt.dbpedia.org/resource/Rap_rock
5241	http://pt.dbpedia.org/resource/Nu_metal
5241	http://pt.dbpedia.org/resource/Rap_metal
5419	http://pt.dbpedia.org/resource/Rock_alternativo
5419	http://pt.dbpedia.org/resource/Indie_rock
5437	http://pt.dbpedia.org/resource/Reggae
5437	http://pt.dbpedia.org/resource/Rap
5437	http://pt.dbpedia.org/resource/Freestyle_rap
5450	http://pt.dbpedia.org/resource/Pop_rock
5450	http://pt.dbpedia.org/resource/Teen_pop
5531	http://pt.dbpedia.org/resource/Trilha_Sonora
5554	http://pt.dbpedia.org/resource/J-Pop
5554	http://pt.dbpedia.org/resource/Animesong
5576	http://pt.dbpedia.org/resource/Pop_rock
5576	http://pt.dbpedia.org/resource/Dance_pop
5599	http://pt.dbpedia.org/resource/Indie_rock
5643	http://pt.dbpedia.org/resource/Rock
5643	http://pt.dbpedia.org/resource/Nouvelle_chanson
5643	http://pt.dbpedia.org/resource/Música_pop
5673	http://pt.dbpedia.org/resource/Dance_music
5673	http://pt.dbpedia.org/resource/Música_pop
5677	http://pt.dbpedia.org/resource/Ska
5677	http://pt.dbpedia.org/resource/Reggae
5677	http://pt.dbpedia.org/resource/Hip_Hop
5677	http://pt.dbpedia.org/resource/Alterlatino
5699	http://pt.dbpedia.org/resource/Música_barroca
5699	http://pt.dbpedia.org/resource/Música_barroca
5750	http://pt.dbpedia.org/resource/Rock_progressivo
5836	http://pt.dbpedia.org/resource/Reggae
5836	http://pt.dbpedia.org/resource/Música_pop
5860	http://pt.dbpedia.org/resource/R&B
5860	http://pt.dbpedia.org/resource/Pop
5860	http://pt.dbpedia.org/resource/Hip_Hop
5860	http://pt.dbpedia.org/resource/J-Pop
5870	http://pt.dbpedia.org/resource/Rock_alternativo
5870	http://pt.dbpedia.org/resource/New_Wave_(música)
5870	http://pt.dbpedia.org/resource/Pós-punk
6043	http://pt.dbpedia.org/resource/Jazz
6043	http://pt.dbpedia.org/resource/Soul
6043	http://pt.dbpedia.org/resource/Música_pop
6082	http://pt.dbpedia.org/resource/New_Age
6163	http://pt.dbpedia.org/resource/Jazz
6215	http://pt.dbpedia.org/resource/Dub
6215	http://pt.dbpedia.org/resource/Skinhead_reggae
6252	http://pt.dbpedia.org/resource/Trilha_Sonora
6252	http://pt.dbpedia.org/resource/Trilha_Sonora
6295	http://pt.dbpedia.org/resource/Dance
6295	http://pt.dbpedia.org/resource/Electro
6295	http://pt.dbpedia.org/resource/Dance-pop
6295	http://pt.dbpedia.org/resource/Electropop
6295	http://pt.dbpedia.org/resource/Música_pop
6295	http://pt.dbpedia.org/resource/Música_eletrônica
6332	http://pt.dbpedia.org/resource/Bossa_Nova
6332	http://pt.dbpedia.org/resource/Soul
6332	http://pt.dbpedia.org/resource/Pop
6333	http://pt.dbpedia.org/resource/Bossa_Nova
6333	http://pt.dbpedia.org/resource/Soul
6333	http://pt.dbpedia.org/resource/Pop
6543	http://pt.dbpedia.org/resource/Música_experimental
6543	http://pt.dbpedia.org/resource/Música_eletrônica
6737	http://pt.dbpedia.org/resource/Electropop
6737	http://pt.dbpedia.org/resource/Teen_pop
6904	http://pt.dbpedia.org/resource/MPB
6904	http://pt.dbpedia.org/resource/Folk
6904	http://pt.dbpedia.org/resource/Glam_rock
6904	http://pt.dbpedia.org/resource/Rock_progressivo
7193	http://pt.dbpedia.org/resource/Música_pop
7335	http://pt.dbpedia.org/resource/Folk
7412	http://pt.dbpedia.org/resource/Disco_music
7412	http://pt.dbpedia.org/resource/Chanson
7412	http://pt.dbpedia.org/resource/Música_pop
7561	http://pt.dbpedia.org/resource/Rock_alternativo
7561	http://pt.dbpedia.org/resource/Post-grunge
7561	http://pt.dbpedia.org/resource/Indie_pop
7569	http://pt.dbpedia.org/resource/Reggae
7569	http://pt.dbpedia.org/resource/Roots_reggae
7621	http://pt.dbpedia.org/resource/Heavy_metal
7621	http://pt.dbpedia.org/resource/Hard_rock
7621	http://pt.dbpedia.org/resource/Funk_metal
7911	http://pt.dbpedia.org/resource/Rock_alternativo
7911	http://pt.dbpedia.org/resource/Power_pop
8073	http://pt.dbpedia.org/resource/Trilha_Sonora
8253	http://pt.dbpedia.org/resource/Folk_metal
8338	http://pt.dbpedia.org/resource/Synthpop
8338	http://pt.dbpedia.org/resource/Futurepop
8399	http://pt.dbpedia.org/resource/Rockabilly
8522	http://pt.dbpedia.org/resource/Electro
8522	http://pt.dbpedia.org/resource/House
8643	http://pt.dbpedia.org/resource/Trilha_Sonora
8674	http://pt.dbpedia.org/resource/Música_eletrônica
8674	http://pt.dbpedia.org/resource/Música_concreta
8674	http://pt.dbpedia.org/resource/Música_contemporânea
8674	http://pt.dbpedia.org/resource/Música_eletrônica
8674	http://pt.dbpedia.org/resource/Música_concreta
8674	http://pt.dbpedia.org/resource/Música_contemporânea
8744	http://pt.dbpedia.org/resource/Pop_rock
8744	http://pt.dbpedia.org/resource/Metal_alternativo
8744	http://pt.dbpedia.org/resource/New_wave
8744	http://pt.dbpedia.org/resource/Nu_metal
8744	http://pt.dbpedia.org/resource/Punk_pop
8782	http://pt.dbpedia.org/resource/Música_eletrônica
8830	http://pt.dbpedia.org/resource/Rock
8830	http://pt.dbpedia.org/resource/New_Wave_(música)
8843	http://pt.dbpedia.org/resource/Mangue_beat
8843	http://pt.dbpedia.org/resource/Música_folk
9257	http://pt.dbpedia.org/resource/Bossa_nova
9257	http://pt.dbpedia.org/resource/MPB
9257	http://pt.dbpedia.org/resource/Samba
9257	http://pt.dbpedia.org/resource/Bossa_nova
9257	http://pt.dbpedia.org/resource/MPB
9257	http://pt.dbpedia.org/resource/Samba
9342	http://pt.dbpedia.org/resource/MPB
9342	http://pt.dbpedia.org/resource/Rock
9342	http://pt.dbpedia.org/resource/Blues
9350	http://pt.dbpedia.org/resource/Samba
9350	http://pt.dbpedia.org/resource/Partido-alto
9350	http://pt.dbpedia.org/resource/Samba_de_Coco
9445	http://pt.dbpedia.org/resource/Reggae
9476	http://pt.dbpedia.org/resource/Pop_rock
9476	http://pt.dbpedia.org/resource/Indie_pop
9505	http://pt.dbpedia.org/resource/Rock_alternativo
9505	http://pt.dbpedia.org/resource/Blues-rock
9505	http://pt.dbpedia.org/resource/Rock_psicodélico
9505	http://pt.dbpedia.org/resource/Rock_gaúcho
9622	http://pt.dbpedia.org/resource/Folk_rock
9622	http://pt.dbpedia.org/resource/Rock
9622	http://pt.dbpedia.org/resource/Blues
9634	http://pt.dbpedia.org/resource/Lambada
9634	http://pt.dbpedia.org/resource/Zouk
9634	http://pt.dbpedia.org/resource/Cúmbia
9634	http://pt.dbpedia.org/resource/Forró
9634	http://pt.dbpedia.org/resource/Brega_pop
9634	http://pt.dbpedia.org/resource/Carimbó
9725	http://pt.dbpedia.org/resource/Eurodance
9766	http://pt.dbpedia.org/resource/Soul
9766	http://pt.dbpedia.org/resource/R&B
9767	http://pt.dbpedia.org/resource/Soul
9767	http://pt.dbpedia.org/resource/R&B
9772	http://pt.dbpedia.org/resource/Jazz
9772	http://pt.dbpedia.org/resource/Soul
9772	http://pt.dbpedia.org/resource/R&B
9772	http://pt.dbpedia.org/resource/Hip-hop
9772	http://pt.dbpedia.org/resource/Rap
9779	http://pt.dbpedia.org/resource/New_age
9779	http://pt.dbpedia.org/resource/Música_eletrônica
9865	http://pt.dbpedia.org/resource/Pagode
10016	http://pt.dbpedia.org/resource/Brazilectro
10119	http://pt.dbpedia.org/resource/Punk_rock
10119	http://pt.dbpedia.org/resource/Ska_punk
10119	http://pt.dbpedia.org/resource/Street_punk
10119	http://pt.dbpedia.org/resource/Skinhead_reggae
10119	http://pt.dbpedia.org/resource/Oi!_(gênero_musical)
10503	http://pt.dbpedia.org/resource/Jazz
10503	http://pt.dbpedia.org/resource/Trilha_Sonora
10552	http://pt.dbpedia.org/resource/Blues-rock
10582	http://pt.dbpedia.org/resource/Bossa_nova
10582	http://pt.dbpedia.org/resource/MPB
10582	http://pt.dbpedia.org/resource/Samba-canção
10592	http://pt.dbpedia.org/resource/Dance
10592	http://pt.dbpedia.org/resource/R&B
10592	http://pt.dbpedia.org/resource/Pop
10614	http://pt.dbpedia.org/resource/Folk
10614	http://pt.dbpedia.org/resource/Dark_ambient
10614	http://pt.dbpedia.org/resource/Neoclássico
10614	http://pt.dbpedia.org/resource/Música_medieval
10758	http://pt.dbpedia.org/resource/Música_eletrônica
10768	http://pt.dbpedia.org/resource/Indie_pop
10768	http://pt.dbpedia.org/resource/Indietronica
11061	http://pt.dbpedia.org/resource/Rock_alternativo
11061	http://pt.dbpedia.org/resource/Indie_pop
11075	http://pt.dbpedia.org/resource/Reggae
11075	http://pt.dbpedia.org/resource/Soul
11075	http://pt.dbpedia.org/resource/R&B
11075	http://pt.dbpedia.org/resource/Disco_Music
11075	http://pt.dbpedia.org/resource/Música_Pop
11142	http://pt.dbpedia.org/resource/MPB
11406	http://pt.dbpedia.org/resource/Easy_listening
11535	http://pt.dbpedia.org/resource/Hardcore
11535	http://pt.dbpedia.org/resource/Post-punk_Revival
11535	http://pt.dbpedia.org/resource/Punk-rock
11564	http://pt.dbpedia.org/resource/Pop_rock
11564	http://pt.dbpedia.org/resource/Dance-pop
11564	http://pt.dbpedia.org/resource/Teen-pop
11564	http://pt.dbpedia.org/resource/Música_pop
11612	http://pt.dbpedia.org/resource/Punk_rock
11612	http://pt.dbpedia.org/resource/Soul
11612	http://pt.dbpedia.org/resource/Música_pop
11976	http://pt.dbpedia.org/resource/Samba-reggae
11976	http://pt.dbpedia.org/resource/Axé_music
11976	http://pt.dbpedia.org/resource/Samba-reggae
11976	http://pt.dbpedia.org/resource/Axé_music
12242	http://pt.dbpedia.org/resource/Ska
12242	http://pt.dbpedia.org/resource/Reggae
12242	http://pt.dbpedia.org/resource/Rocksteady
12242	http://pt.dbpedia.org/resource/Skinhead_reggae
12332	http://pt.dbpedia.org/resource/MPB
12332	http://pt.dbpedia.org/resource/Rock
12332	http://pt.dbpedia.org/resource/Música_Pop
12332	http://pt.dbpedia.org/resource/MPB
12332	http://pt.dbpedia.org/resource/Rock
12332	http://pt.dbpedia.org/resource/Música_Pop
12353	http://pt.dbpedia.org/resource/Música_popular_brasileira
12405	http://pt.dbpedia.org/resource/Oi!_(gênero_musical)
12431	http://pt.dbpedia.org/resource/Jazz
12431	http://pt.dbpedia.org/resource/Samba
12431	http://pt.dbpedia.org/resource/Samba-funk
12431	http://pt.dbpedia.org/resource/Rock
12431	http://pt.dbpedia.org/resource/Blues
12431	http://pt.dbpedia.org/resource/Reggae
12431	http://pt.dbpedia.org/resource/Rhythm_and_blues
12431	http://pt.dbpedia.org/resource/Funk
12431	http://pt.dbpedia.org/resource/Soul
12431	http://pt.dbpedia.org/resource/Latin_jazz
12431	http://pt.dbpedia.org/resource/Foxtrote
12431	http://pt.dbpedia.org/resource/Salsa
12431	http://pt.dbpedia.org/resource/Samba_jazz
12431	http://pt.dbpedia.org/resource/Música_disco
12431	http://pt.dbpedia.org/resource/Música_pop
12431	http://pt.dbpedia.org/resource/Música_popular_brasileira
12431	http://pt.dbpedia.org/resource/Música_instrumental
12431	http://pt.dbpedia.org/resource/Jazz
12431	http://pt.dbpedia.org/resource/Samba
12431	http://pt.dbpedia.org/resource/Samba-funk
12431	http://pt.dbpedia.org/resource/Rock
12431	http://pt.dbpedia.org/resource/Blues
12431	http://pt.dbpedia.org/resource/Reggae
12431	http://pt.dbpedia.org/resource/Rhythm_and_blues
12431	http://pt.dbpedia.org/resource/Funk
12431	http://pt.dbpedia.org/resource/Soul
12431	http://pt.dbpedia.org/resource/Latin_jazz
12431	http://pt.dbpedia.org/resource/Foxtrote
12431	http://pt.dbpedia.org/resource/Salsa
12431	http://pt.dbpedia.org/resource/Samba_jazz
12431	http://pt.dbpedia.org/resource/Música_disco
12431	http://pt.dbpedia.org/resource/Música_pop
12431	http://pt.dbpedia.org/resource/Música_popular_brasileira
12431	http://pt.dbpedia.org/resource/Música_instrumental
12701	http://pt.dbpedia.org/resource/Punk_rock
12701	http://pt.dbpedia.org/resource/Rockabilly
12701	http://pt.dbpedia.org/resource/Indie_rock
12701	http://pt.dbpedia.org/resource/Garage_rock
12701	http://pt.dbpedia.org/resource/Surf_music
12701	http://pt.dbpedia.org/resource/Punk_rock
12701	http://pt.dbpedia.org/resource/Rockabilly
12701	http://pt.dbpedia.org/resource/Indie_rock
12701	http://pt.dbpedia.org/resource/Garage_rock
12701	http://pt.dbpedia.org/resource/Surf_music
12764	http://pt.dbpedia.org/resource/Ação
12818	http://pt.dbpedia.org/resource/Speed_metal
12818	http://pt.dbpedia.org/resource/Power_Metal
12823	http://pt.dbpedia.org/resource/House
12828	http://pt.dbpedia.org/resource/House
12911	http://pt.dbpedia.org/resource/Ficção_científica
12978	http://pt.dbpedia.org/resource/Ska
12978	http://pt.dbpedia.org/resource/Skinhead_reggae
13095	http://pt.dbpedia.org/resource/Trilha_sonora
13098	http://pt.dbpedia.org/resource/Cantautor
13164	http://pt.dbpedia.org/resource/Rock
13218	http://pt.dbpedia.org/resource/Hip-Hop
13219	http://pt.dbpedia.org/resource/Hip-Hop
13257	http://pt.dbpedia.org/resource/Modernismo_brasileiro
13257	http://pt.dbpedia.org/resource/Modernismo_brasileiro
13386	http://pt.dbpedia.org/resource/Indie_rock
13401	http://pt.dbpedia.org/resource/Samba
13401	http://pt.dbpedia.org/resource/Música_pop
13401	http://pt.dbpedia.org/resource/Axé_music
13523	http://pt.dbpedia.org/resource/Rock
13523	http://pt.dbpedia.org/resource/Pop
13567	http://pt.dbpedia.org/resource/Hip-hop
13567	http://pt.dbpedia.org/resource/IDM
13567	http://pt.dbpedia.org/resource/Música_ambiente
13716	http://pt.dbpedia.org/resource/Pop_rock
13840	http://pt.dbpedia.org/resource/MPB
13840	http://pt.dbpedia.org/resource/Samba
13840	http://pt.dbpedia.org/resource/Tango
13840	http://pt.dbpedia.org/resource/Samba-canção
13856	http://pt.dbpedia.org/resource/MPB
13856	http://pt.dbpedia.org/resource/Samba
13856	http://pt.dbpedia.org/resource/Rock
13856	http://pt.dbpedia.org/resource/Bossa_Nova
13856	http://pt.dbpedia.org/resource/Soul
13856	http://pt.dbpedia.org/resource/Doo-wop
13856	http://pt.dbpedia.org/resource/Chá-chá-chá_(música)
13856	http://pt.dbpedia.org/resource/Calipso_(música)
13856	http://pt.dbpedia.org/resource/MPB
13856	http://pt.dbpedia.org/resource/Samba
13856	http://pt.dbpedia.org/resource/Rock
13856	http://pt.dbpedia.org/resource/Bossa_Nova
13856	http://pt.dbpedia.org/resource/Soul
13856	http://pt.dbpedia.org/resource/Doo-wop
13856	http://pt.dbpedia.org/resource/Chá-chá-chá_(música)
13856	http://pt.dbpedia.org/resource/Calipso_(música)
13933	http://pt.dbpedia.org/resource/Cantautor
13937	http://pt.dbpedia.org/resource/Xaxado
13937	http://pt.dbpedia.org/resource/Quadrilha_(dança)
13937	http://pt.dbpedia.org/resource/Forró
13937	http://pt.dbpedia.org/resource/Baião_(música)
13937	http://pt.dbpedia.org/resource/Xaxado
13937	http://pt.dbpedia.org/resource/Quadrilha_(dança)
13937	http://pt.dbpedia.org/resource/Forró
13937	http://pt.dbpedia.org/resource/Baião_(música)
14050	http://pt.dbpedia.org/resource/MPB
14050	http://pt.dbpedia.org/resource/Jazz
14050	http://pt.dbpedia.org/resource/Bossa_Nova
14257	http://pt.dbpedia.org/resource/Funk_carioca
14396	http://pt.dbpedia.org/resource/Pop
14396	http://pt.dbpedia.org/resource/Dance-Pop
14427	http://pt.dbpedia.org/resource/J-pop
14505	http://pt.dbpedia.org/resource/Pop_rock
14511	http://pt.dbpedia.org/resource/Trilha_Sonora
14574	http://pt.dbpedia.org/resource/Terror_(gênero)
14664	http://pt.dbpedia.org/resource/Bossa_nova
14664	http://pt.dbpedia.org/resource/MPB
14664	http://pt.dbpedia.org/resource/Jazz
14664	http://pt.dbpedia.org/resource/Rock
14677	http://pt.dbpedia.org/resource/Trilha_Sonora
14816	http://pt.dbpedia.org/resource/Hardcore_punk
14816	http://pt.dbpedia.org/resource/Anarcopunk
14816	http://pt.dbpedia.org/resource/Hardcore_punk
14816	http://pt.dbpedia.org/resource/Anarcopunk
14904	http://pt.dbpedia.org/resource/Death_rock
14904	http://pt.dbpedia.org/resource/Rock_gótico
14977	http://pt.dbpedia.org/resource/Dance
14977	http://pt.dbpedia.org/resource/Música_pop
14977	http://pt.dbpedia.org/resource/Música_infantil
15046	http://pt.dbpedia.org/resource/Punk_rock
15046	http://pt.dbpedia.org/resource/Rock_alternativo
15046	http://pt.dbpedia.org/resource/MPB
15046	http://pt.dbpedia.org/resource/Rock_gaúcho
15046	http://pt.dbpedia.org/resource/Música_nativista
15145	http://pt.dbpedia.org/resource/Trilha_Sonora
15218	http://pt.dbpedia.org/resource/Doom_metal
15281	http://pt.dbpedia.org/resource/Grindcore
15281	http://pt.dbpedia.org/resource/Thrashcore
15281	http://pt.dbpedia.org/resource/Powerviolence
15299	http://pt.dbpedia.org/resource/Big_Band
15299	http://pt.dbpedia.org/resource/Swing_(Jazz)
15304	http://pt.dbpedia.org/resource/Ópera
15304	http://pt.dbpedia.org/resource/Música_Clássica
15304	http://pt.dbpedia.org/resource/Ópera
15304	http://pt.dbpedia.org/resource/Música_Clássica
15316	http://pt.dbpedia.org/resource/Música_country
15418	http://pt.dbpedia.org/resource/MPB
15432	http://pt.dbpedia.org/resource/MPB
15432	http://pt.dbpedia.org/resource/Samba-rock
15432	http://pt.dbpedia.org/resource/Rock_and_roll
15432	http://pt.dbpedia.org/resource/Rockabilly
15432	http://pt.dbpedia.org/resource/Soul
15473	http://pt.dbpedia.org/resource/Rock_brasileiro
15473	http://pt.dbpedia.org/resource/Pop_rock
15473	http://pt.dbpedia.org/resource/Acid_jazz
15473	http://pt.dbpedia.org/resource/Rock_progressivo
15484	http://pt.dbpedia.org/resource/Dance
15484	http://pt.dbpedia.org/resource/Música_pop
15788	http://pt.dbpedia.org/resource/Rock
15788	http://pt.dbpedia.org/resource/Blues
15788	http://pt.dbpedia.org/resource/Gospel
15788	http://pt.dbpedia.org/resource/Blues_rock
15788	http://pt.dbpedia.org/resource/Pop
15788	http://pt.dbpedia.org/resource/Alternativa
15838	http://pt.dbpedia.org/resource/Rock_alternativo
15838	http://pt.dbpedia.org/resource/Emo
15838	http://pt.dbpedia.org/resource/Pop_punk
15838	http://pt.dbpedia.org/resource/Metal_alternativo
15840	http://pt.dbpedia.org/resource/Balada
15840	http://pt.dbpedia.org/resource/Rock_and_roll
15840	http://pt.dbpedia.org/resource/Pop
15840	http://pt.dbpedia.org/resource/Balada
15840	http://pt.dbpedia.org/resource/Rock_and_roll
15840	http://pt.dbpedia.org/resource/Pop
16072	http://pt.dbpedia.org/resource/Folk_rock
16072	http://pt.dbpedia.org/resource/Spoken_word
16072	http://pt.dbpedia.org/resource/Música_pop
16088	http://pt.dbpedia.org/resource/Rock
16088	http://pt.dbpedia.org/resource/Indie_pop
16245	http://pt.dbpedia.org/resource/Easy_listening
16245	http://pt.dbpedia.org/resource/Clássica
16290	http://pt.dbpedia.org/resource/Rock_Alternativo
16307	http://pt.dbpedia.org/resource/Milonga
16307	http://pt.dbpedia.org/resource/Rock_and_Roll
16307	http://pt.dbpedia.org/resource/Rock_rolinga
16311	http://pt.dbpedia.org/resource/Pop_rock
16550	http://pt.dbpedia.org/resource/Rock
16550	http://pt.dbpedia.org/resource/Música_napolitana
16596	http://pt.dbpedia.org/resource/Hard_rock
16596	http://pt.dbpedia.org/resource/Rock_cômico
16596	http://pt.dbpedia.org/resource/Músicas_natalinas
16619	http://pt.dbpedia.org/resource/Música_vocal
16619	http://pt.dbpedia.org/resource/Música_vocal
16659	http://pt.dbpedia.org/resource/Rock_alternativo
16659	http://pt.dbpedia.org/resource/Rock
16659	http://pt.dbpedia.org/resource/Reggae
16659	http://pt.dbpedia.org/resource/Axé_music
16659	http://pt.dbpedia.org/resource/Romantico
16659	http://pt.dbpedia.org/resource/Rock_alternativo
16659	http://pt.dbpedia.org/resource/Rock
16659	http://pt.dbpedia.org/resource/Reggae
16659	http://pt.dbpedia.org/resource/Axé_music
16659	http://pt.dbpedia.org/resource/Romantico
16660	http://pt.dbpedia.org/resource/Pop_Rock
16660	http://pt.dbpedia.org/resource/Pop_Rock
16669	http://pt.dbpedia.org/resource/MPB
16669	http://pt.dbpedia.org/resource/Drum_'n'_Bossa
16684	http://pt.dbpedia.org/resource/Ópera
16693	http://pt.dbpedia.org/resource/Punk_rock
16693	http://pt.dbpedia.org/resource/Rock_alternativo
16693	http://pt.dbpedia.org/resource/Rock_gaúcho
16827	http://pt.dbpedia.org/resource/Música_pop
16880	http://pt.dbpedia.org/resource/Blues
16880	http://pt.dbpedia.org/resource/Rock_and_Roll
16880	http://pt.dbpedia.org/resource/Rock_stone
16946	http://pt.dbpedia.org/resource/Música_Popular_Portuguesa
17118	http://pt.dbpedia.org/resource/Drum_and_Bass
17138	http://pt.dbpedia.org/resource/Pop/Rock
17349	http://pt.dbpedia.org/resource/Jazz
17349	http://pt.dbpedia.org/resource/Blues
17349	http://pt.dbpedia.org/resource/Música_gospel
17351	http://pt.dbpedia.org/resource/Jazz
17351	http://pt.dbpedia.org/resource/Blues
17351	http://pt.dbpedia.org/resource/Música_gospel
17369	http://pt.dbpedia.org/resource/R&B
17369	http://pt.dbpedia.org/resource/Música_pop
17493	http://pt.dbpedia.org/resource/Reggaeton
17535	http://pt.dbpedia.org/resource/Bossa_Nova
17535	http://pt.dbpedia.org/resource/Flamenco
17535	http://pt.dbpedia.org/resource/Acoustic_music
17535	http://pt.dbpedia.org/resource/Música_Instrumental
17569	http://pt.dbpedia.org/resource/Música_pop
17569	http://pt.dbpedia.org/resource/Música_clássica
17639	http://pt.dbpedia.org/resource/Heavy_metal
17639	http://pt.dbpedia.org/resource/Hard_rock
17842	http://pt.dbpedia.org/resource/Pop_music
17842	http://pt.dbpedia.org/resource/Lounge_music
17865	http://pt.dbpedia.org/resource/Punk_rock
17890	http://pt.dbpedia.org/resource/Música_clássica
17890	http://pt.dbpedia.org/resource/Música_clássica
17900	http://pt.dbpedia.org/resource/J-pop
18003	http://pt.dbpedia.org/resource/Gospel
18003	http://pt.dbpedia.org/resource/Pop
18024	http://pt.dbpedia.org/resource/Rock
18024	http://pt.dbpedia.org/resource/Power_pop
18095	http://pt.dbpedia.org/resource/Pop_rock
18095	http://pt.dbpedia.org/resource/MPB
18095	http://pt.dbpedia.org/resource/Gospel
18108	http://pt.dbpedia.org/resource/Funk_carioca
18109	http://pt.dbpedia.org/resource/Pop_rock
18109	http://pt.dbpedia.org/resource/Alternative_rock
18109	http://pt.dbpedia.org/resource/Adult_contemporary
18109	http://pt.dbpedia.org/resource/Contemporary_R&B
18121	http://pt.dbpedia.org/resource/Doom_metal
18121	http://pt.dbpedia.org/resource/Death_metal
18121	http://pt.dbpedia.org/resource/Folk_metal
18121	http://pt.dbpedia.org/resource/Metal_industrial
18121	http://pt.dbpedia.org/resource/Rock_gótico
18189	http://pt.dbpedia.org/resource/New_Age
18189	http://pt.dbpedia.org/resource/Lounge_music
18189	http://pt.dbpedia.org/resource/Música_do_Tibete
18190	http://pt.dbpedia.org/resource/New_Age
18190	http://pt.dbpedia.org/resource/Lounge_music
18190	http://pt.dbpedia.org/resource/Música_do_Tibete
18266	http://pt.dbpedia.org/resource/Folk_rock
18266	http://pt.dbpedia.org/resource/Erudito
18266	http://pt.dbpedia.org/resource/Instrumental
18266	http://pt.dbpedia.org/resource/Popular
18298	http://pt.dbpedia.org/resource/Fado
18298	http://pt.dbpedia.org/resource/Música_pop
18298	http://pt.dbpedia.org/resource/Fado
18298	http://pt.dbpedia.org/resource/Música_pop
18337	http://pt.dbpedia.org/resource/Metalcore
18337	http://pt.dbpedia.org/resource/New_York_hardcore
18404	http://pt.dbpedia.org/resource/R&B
18404	http://pt.dbpedia.org/resource/Música_pop
18455	http://pt.dbpedia.org/resource/Balada
18455	http://pt.dbpedia.org/resource/Pop_Adulto
18463	http://pt.dbpedia.org/resource/Dance_music
18463	http://pt.dbpedia.org/resource/Pop_Rock
18463	http://pt.dbpedia.org/resource/Música_pop
18666	http://pt.dbpedia.org/resource/Música_nativista
18839	http://pt.dbpedia.org/resource/Trilha_Sonora
18839	http://pt.dbpedia.org/resource/Trilha_Sonora
18906	http://pt.dbpedia.org/resource/Rock_alternativo
18906	http://pt.dbpedia.org/resource/Post-grunge
18932	http://pt.dbpedia.org/resource/Punk_rock
19031	http://pt.dbpedia.org/resource/MPB
19031	http://pt.dbpedia.org/resource/Samba
19135	http://pt.dbpedia.org/resource/Gospel
19257	http://pt.dbpedia.org/resource/Música_erudita
19395	http://pt.dbpedia.org/resource/Rock
19395	http://pt.dbpedia.org/resource/Discopunk
19395	http://pt.dbpedia.org/resource/Música_eletrônica
19415	http://pt.dbpedia.org/resource/Samba
19415	http://pt.dbpedia.org/resource/Samba
19445	http://pt.dbpedia.org/resource/Bossa_nova
19445	http://pt.dbpedia.org/resource/Choro
19445	http://pt.dbpedia.org/resource/Samba-canção
19478	http://pt.dbpedia.org/resource/Bluegrass
19643	http://pt.dbpedia.org/resource/Crossover_thrash
19643	http://pt.dbpedia.org/resource/Metal_alternativo
19643	http://pt.dbpedia.org/resource/Nu_metal
19739	http://pt.dbpedia.org/resource/Rock_progressivo
19840	http://pt.dbpedia.org/resource/Pop
19907	http://pt.dbpedia.org/resource/Funk
19911	http://pt.dbpedia.org/resource/Rock_cristão
19972	http://pt.dbpedia.org/resource/Bossa_Nova
20140	http://pt.dbpedia.org/resource/Trilha_Sonora
20140	http://pt.dbpedia.org/resource/Música_clássica
20407	http://pt.dbpedia.org/resource/Música_clássica
20407	http://pt.dbpedia.org/resource/Música_clássica
20474	http://pt.dbpedia.org/resource/Aventura
20474	http://pt.dbpedia.org/resource/Infantil
20474	http://pt.dbpedia.org/resource/Musical
20474	http://pt.dbpedia.org/resource/Comédia
20474	http://pt.dbpedia.org/resource/Aventura
20474	http://pt.dbpedia.org/resource/Infantil
20474	http://pt.dbpedia.org/resource/Musical
20474	http://pt.dbpedia.org/resource/Comédia
20697	http://pt.dbpedia.org/resource/MPB
20697	http://pt.dbpedia.org/resource/Rock
20697	http://pt.dbpedia.org/resource/Soul
20697	http://pt.dbpedia.org/resource/Black_music
20697	http://pt.dbpedia.org/resource/Música_pop
20697	http://pt.dbpedia.org/resource/MPB
20697	http://pt.dbpedia.org/resource/Rock
20697	http://pt.dbpedia.org/resource/Soul
20697	http://pt.dbpedia.org/resource/Black_music
20697	http://pt.dbpedia.org/resource/Música_pop
20722	http://pt.dbpedia.org/resource/Tango
20722	http://pt.dbpedia.org/resource/Tango
20723	http://pt.dbpedia.org/resource/Aventura
20935	http://pt.dbpedia.org/resource/Avant-garde
20935	http://pt.dbpedia.org/resource/Minimalismo
20935	http://pt.dbpedia.org/resource/Música_experimental
21123	http://pt.dbpedia.org/resource/New_age
21123	http://pt.dbpedia.org/resource/J-pop
21123	http://pt.dbpedia.org/resource/Soundtrack
21123	http://pt.dbpedia.org/resource/Música_clássica
21123	http://pt.dbpedia.org/resource/Música_do_mundo
21193	http://pt.dbpedia.org/resource/Música_sertaneja
21297	http://pt.dbpedia.org/resource/Blues
21297	http://pt.dbpedia.org/resource/Rock_Alternativo
21297	http://pt.dbpedia.org/resource/Música_rock
21317	http://pt.dbpedia.org/resource/Funk
21317	http://pt.dbpedia.org/resource/Soul
21317	http://pt.dbpedia.org/resource/R&B
21317	http://pt.dbpedia.org/resource/Música_pop
21322	http://pt.dbpedia.org/resource/Música_eletrônica
21322	http://pt.dbpedia.org/resource/Música_concreta
21322	http://pt.dbpedia.org/resource/Música_erudita
21434	http://pt.dbpedia.org/resource/Música_pop
21689	http://pt.dbpedia.org/resource/Pop_rock
21689	http://pt.dbpedia.org/resource/Música_country
21689	http://pt.dbpedia.org/resource/Música_pop
21695	http://pt.dbpedia.org/resource/Samba
21695	http://pt.dbpedia.org/resource/Samba-rock
21726	http://pt.dbpedia.org/resource/Pop_rock
21726	http://pt.dbpedia.org/resource/Rock
21731	http://pt.dbpedia.org/resource/Samba
21731	http://pt.dbpedia.org/resource/Coco_(dança)
21731	http://pt.dbpedia.org/resource/Forró
21731	http://pt.dbpedia.org/resource/Baião_(música)
21803	http://pt.dbpedia.org/resource/Rock
21864	http://pt.dbpedia.org/resource/Jazz
21864	http://pt.dbpedia.org/resource/Bossa_Nova
21864	http://pt.dbpedia.org/resource/Música_experimental
21878	http://pt.dbpedia.org/resource/Hip_hop
21878	http://pt.dbpedia.org/resource/Reggaeton
22010	http://pt.dbpedia.org/resource/Comédia_romântica
22042	http://pt.dbpedia.org/resource/Dance
22042	http://pt.dbpedia.org/resource/Rock
22042	http://pt.dbpedia.org/resource/Música_pop
22329	http://pt.dbpedia.org/resource/Heavy_metal
22329	http://pt.dbpedia.org/resource/Hard_rock
22329	http://pt.dbpedia.org/resource/Christian_metal
22358	http://pt.dbpedia.org/resource/Pop
22403	http://pt.dbpedia.org/resource/Samba-reggae
22403	http://pt.dbpedia.org/resource/Axé_music
22403	http://pt.dbpedia.org/resource/Música_Popular_Brasileira
22506	http://pt.dbpedia.org/resource/MPB
22506	http://pt.dbpedia.org/resource/Samba
22506	http://pt.dbpedia.org/resource/Bossa_Nova
22545	http://pt.dbpedia.org/resource/Pop_rock
22547	http://pt.dbpedia.org/resource/Rock
22582	http://pt.dbpedia.org/resource/Rhythm_and_Blues
22582	http://pt.dbpedia.org/resource/Pop
22582	http://pt.dbpedia.org/resource/Hip-hop
22582	http://pt.dbpedia.org/resource/Eletrônica
22792	http://pt.dbpedia.org/resource/Trilha_sonora
22988	http://pt.dbpedia.org/resource/Pop_rock
22988	http://pt.dbpedia.org/resource/Rock
23030	http://pt.dbpedia.org/resource/MPB
23105	http://pt.dbpedia.org/resource/World_music
23123	http://pt.dbpedia.org/resource/Rock
23123	http://pt.dbpedia.org/resource/Música_pop
23148	http://pt.dbpedia.org/resource/Punk_rock
23148	http://pt.dbpedia.org/resource/Rock_alternativo
23148	http://pt.dbpedia.org/resource/Indie_rock
23148	http://pt.dbpedia.org/resource/New_wave_(música)
23243	http://pt.dbpedia.org/resource/Heavy_metal
23263	http://pt.dbpedia.org/resource/MPB
23263	http://pt.dbpedia.org/resource/Música_pop
23368	http://pt.dbpedia.org/resource/Jazz
23399	http://pt.dbpedia.org/resource/MPB
23399	http://pt.dbpedia.org/resource/Jazz
23399	http://pt.dbpedia.org/resource/R&B
23399	http://pt.dbpedia.org/resource/Música_pop
23399	http://pt.dbpedia.org/resource/MPB
23399	http://pt.dbpedia.org/resource/Jazz
23399	http://pt.dbpedia.org/resource/R&B
23399	http://pt.dbpedia.org/resource/Música_pop
23432	http://pt.dbpedia.org/resource/Rap_rock
23432	http://pt.dbpedia.org/resource/Funk
23432	http://pt.dbpedia.org/resource/Hip_hop_alternativo
23432	http://pt.dbpedia.org/resource/Samba_rock
23517	http://pt.dbpedia.org/resource/Pop_rock
23517	http://pt.dbpedia.org/resource/Rock_progressivo
23517	http://pt.dbpedia.org/resource/Música_cristã_contemporânea
23517	http://pt.dbpedia.org/resource/Rock_cristão
23569	http://pt.dbpedia.org/resource/Música_sertaneja
23619	http://pt.dbpedia.org/resource/Dance
23619	http://pt.dbpedia.org/resource/Pop
23619	http://pt.dbpedia.org/resource/Dance
23619	http://pt.dbpedia.org/resource/Pop
23651	http://pt.dbpedia.org/resource/Heavy_metal
23651	http://pt.dbpedia.org/resource/Hard_rock
23659	http://pt.dbpedia.org/resource/Fado
23738	http://pt.dbpedia.org/resource/Improviso_(musical)
23738	http://pt.dbpedia.org/resource/Música_clássica
23894	http://pt.dbpedia.org/resource/Dance-pop
23894	http://pt.dbpedia.org/resource/Freestyle_(gênero_musical)
24263	http://pt.dbpedia.org/resource/Forró_eletrônico
24368	http://pt.dbpedia.org/resource/Jazz
24368	http://pt.dbpedia.org/resource/Música_gospel
24545	http://pt.dbpedia.org/resource/Opera
24545	http://pt.dbpedia.org/resource/Lírico
24748	http://pt.dbpedia.org/resource/MPB
24751	http://pt.dbpedia.org/resource/Rock_sinfônico
24754	http://pt.dbpedia.org/resource/Pop_rock
24754	http://pt.dbpedia.org/resource/Soft_rock
24800	http://pt.dbpedia.org/resource/Britpop
24800	http://pt.dbpedia.org/resource/Alternative_Rock
24812	http://pt.dbpedia.org/resource/Música_folk
24814	http://pt.dbpedia.org/resource/Punk_rock
24967	http://pt.dbpedia.org/resource/Metal_progressivo
25014	http://pt.dbpedia.org/resource/Rock_progressivo
25014	http://pt.dbpedia.org/resource/Jazz_rock
25193	http://pt.dbpedia.org/resource/Choro
25193	http://pt.dbpedia.org/resource/Samba-Canção
25193	http://pt.dbpedia.org/resource/Choro
25193	http://pt.dbpedia.org/resource/Samba-Canção
25329	http://pt.dbpedia.org/resource/Italo_Disco
25329	http://pt.dbpedia.org/resource/Disco_Music
25400	http://pt.dbpedia.org/resource/Deathrock
25553	http://pt.dbpedia.org/resource/Power_metal
25654	http://pt.dbpedia.org/resource/Punk_rock
25654	http://pt.dbpedia.org/resource/Bossa_nova
25654	http://pt.dbpedia.org/resource/Rockabilly
25654	http://pt.dbpedia.org/resource/Post-punk
25654	http://pt.dbpedia.org/resource/New_wave
25661	http://pt.dbpedia.org/resource/R&B
25661	http://pt.dbpedia.org/resource/Música_pop
25725	http://pt.dbpedia.org/resource/R&B
25887	http://pt.dbpedia.org/resource/Punk_rock
25887	http://pt.dbpedia.org/resource/Street_punk
25991	http://pt.dbpedia.org/resource/MPB
26051	http://pt.dbpedia.org/resource/Ópera
26306	http://pt.dbpedia.org/resource/Hardcore_punk
26306	http://pt.dbpedia.org/resource/Metal_alternativo
26306	http://pt.dbpedia.org/resource/Reggae
26306	http://pt.dbpedia.org/resource/Rock_experimental
26306	http://pt.dbpedia.org/resource/Rapcore
26410	http://pt.dbpedia.org/resource/Dance
26410	http://pt.dbpedia.org/resource/Música_pop
26475	http://pt.dbpedia.org/resource/Rock_progressivo
26486	http://pt.dbpedia.org/resource/Doom_metal
26515	http://pt.dbpedia.org/resource/Música_popular_portuguesa
26632	http://pt.dbpedia.org/resource/Country_rock
26632	http://pt.dbpedia.org/resource/Southern_rock
26632	http://pt.dbpedia.org/resource/Heavy_Metal
26919	http://pt.dbpedia.org/resource/Rock_progressivo
26993	http://pt.dbpedia.org/resource/Rock_alternativo
27024	http://pt.dbpedia.org/resource/Rock
27117	http://pt.dbpedia.org/resource/Pop_rock
27150	http://pt.dbpedia.org/resource/Rock
27150	http://pt.dbpedia.org/resource/Axé_(gênero_musical)
27153	http://pt.dbpedia.org/resource/Galiza
27153	http://pt.dbpedia.org/resource/Galiza
27229	http://pt.dbpedia.org/resource/Folk
27308	http://pt.dbpedia.org/resource/R&B
27308	http://pt.dbpedia.org/resource/Música_pop
27412	http://pt.dbpedia.org/resource/MPB
27412	http://pt.dbpedia.org/resource/Samba
27412	http://pt.dbpedia.org/resource/Música_pop
27583	http://pt.dbpedia.org/resource/Música_gospel
27690	http://pt.dbpedia.org/resource/Rock
27764	http://pt.dbpedia.org/resource/Tropicalismo
27764	http://pt.dbpedia.org/resource/MPB
27811	http://pt.dbpedia.org/resource/Dance
27811	http://pt.dbpedia.org/resource/Rock
27811	http://pt.dbpedia.org/resource/Música_pop
28085	http://pt.dbpedia.org/resource/MPB
28085	http://pt.dbpedia.org/resource/Samba
28348	http://pt.dbpedia.org/resource/Death_metal
28357	http://pt.dbpedia.org/resource/Pós-Punk
28359	http://pt.dbpedia.org/resource/Hip_Hop_Underground
28359	http://pt.dbpedia.org/resource/Rap_Consciente
28361	http://pt.dbpedia.org/resource/Ópera
28506	http://pt.dbpedia.org/resource/Música_pop
28578	http://pt.dbpedia.org/resource/Música_infantil
28647	http://pt.dbpedia.org/resource/Pop_rock
28647	http://pt.dbpedia.org/resource/Pop_punk
28680	http://pt.dbpedia.org/resource/Bossa_nova
28680	http://pt.dbpedia.org/resource/MPB
28680	http://pt.dbpedia.org/resource/Samba
28680	http://pt.dbpedia.org/resource/Folk
28680	http://pt.dbpedia.org/resource/Choro
28680	http://pt.dbpedia.org/resource/Milonga
28680	http://pt.dbpedia.org/resource/Tango
28680	http://pt.dbpedia.org/resource/Música_instrumental
28680	http://pt.dbpedia.org/resource/New_wave_(música)
28680	http://pt.dbpedia.org/resource/Baião_(música)
28680	http://pt.dbpedia.org/resource/Chamamé
28680	http://pt.dbpedia.org/resource/Bossa_nova
28680	http://pt.dbpedia.org/resource/MPB
28680	http://pt.dbpedia.org/resource/Samba
28680	http://pt.dbpedia.org/resource/Folk
28680	http://pt.dbpedia.org/resource/Choro
28680	http://pt.dbpedia.org/resource/Milonga
28680	http://pt.dbpedia.org/resource/Tango
28680	http://pt.dbpedia.org/resource/Música_instrumental
28680	http://pt.dbpedia.org/resource/New_wave_(música)
28680	http://pt.dbpedia.org/resource/Baião_(música)
28680	http://pt.dbpedia.org/resource/Chamamé
28707	http://pt.dbpedia.org/resource/Reggae
28752	http://pt.dbpedia.org/resource/MPB
28766	http://pt.dbpedia.org/resource/Bossa_nova
28766	http://pt.dbpedia.org/resource/MPB
28766	http://pt.dbpedia.org/resource/Samba
28766	http://pt.dbpedia.org/resource/Choro
28813	http://pt.dbpedia.org/resource/Pop_Rock
28862	http://pt.dbpedia.org/resource/Ópera
28879	http://pt.dbpedia.org/resource/Rock
28882	http://pt.dbpedia.org/resource/Folk
28882	http://pt.dbpedia.org/resource/Pop
28882	http://pt.dbpedia.org/resource/Fado
29208	http://pt.dbpedia.org/resource/Soul
29208	http://pt.dbpedia.org/resource/Música_latina
29212	http://pt.dbpedia.org/resource/Rock_alternativo
29212	http://pt.dbpedia.org/resource/Pop_rock
29212	http://pt.dbpedia.org/resource/Pop_music
29212	http://pt.dbpedia.org/resource/Dance_music
29212	http://pt.dbpedia.org/resource/World_music
29212	http://pt.dbpedia.org/resource/Latin_pop
29212	http://pt.dbpedia.org/resource/Música_eletrônica
29641	http://pt.dbpedia.org/resource/Rock_alternativo
29641	http://pt.dbpedia.org/resource/Hard_rock
29641	http://pt.dbpedia.org/resource/Post-grunge
29797	http://pt.dbpedia.org/resource/Metal_progressivo
29889	http://pt.dbpedia.org/resource/Música_popular
29938	http://pt.dbpedia.org/resource/Jazz
29938	http://pt.dbpedia.org/resource/Música_pop
29957	http://pt.dbpedia.org/resource/Música_pop
30015	http://pt.dbpedia.org/resource/Musica_gospel
30036	http://pt.dbpedia.org/resource/MPB
30036	http://pt.dbpedia.org/resource/MPB
30075	http://pt.dbpedia.org/resource/Pop
30276	http://pt.dbpedia.org/resource/Hip_Hop
30413	http://pt.dbpedia.org/resource/Axé_music
30561	http://pt.dbpedia.org/resource/Punk_rock
30561	http://pt.dbpedia.org/resource/Rock
30607	http://pt.dbpedia.org/resource/Balada
30607	http://pt.dbpedia.org/resource/Rock
30640	http://pt.dbpedia.org/resource/Choro
30640	http://pt.dbpedia.org/resource/Frevo
30640	http://pt.dbpedia.org/resource/Forró
30640	http://pt.dbpedia.org/resource/Baião_(música)
30640	http://pt.dbpedia.org/resource/Choro
30640	http://pt.dbpedia.org/resource/Frevo
30640	http://pt.dbpedia.org/resource/Forró
30640	http://pt.dbpedia.org/resource/Baião_(música)
30822	http://pt.dbpedia.org/resource/Rock_alternativo
30835	http://pt.dbpedia.org/resource/Dance-pop
30835	http://pt.dbpedia.org/resource/Freestyle_(gênero_musical)
31040	http://pt.dbpedia.org/resource/R&B
31040	http://pt.dbpedia.org/resource/Disco_Music
31419	http://pt.dbpedia.org/resource/Death_metal
31545	http://pt.dbpedia.org/resource/Zarzuela
31663	http://pt.dbpedia.org/resource/Música_pop
31763	http://pt.dbpedia.org/resource/Power_metal
31877	http://pt.dbpedia.org/resource/Bluegrass
31925	http://pt.dbpedia.org/resource/Pop_rock
31925	http://pt.dbpedia.org/resource/Gospel
31925	http://pt.dbpedia.org/resource/Canto_congregacional
32238	http://pt.dbpedia.org/resource/Pop_rock
32238	http://pt.dbpedia.org/resource/Música_para_crianças
32238	http://pt.dbpedia.org/resource/Pop_rock
32238	http://pt.dbpedia.org/resource/Música_para_crianças
32282	http://pt.dbpedia.org/resource/Jazz
32282	http://pt.dbpedia.org/resource/Bossa_Nova
32282	http://pt.dbpedia.org/resource/Samba-Canção
32372	http://pt.dbpedia.org/resource/MPB
32372	http://pt.dbpedia.org/resource/Rock
32372	http://pt.dbpedia.org/resource/Música_pop
32393	http://pt.dbpedia.org/resource/Punk_rock
32393	http://pt.dbpedia.org/resource/Street-punk
32676	http://pt.dbpedia.org/resource/Synthpop
32676	http://pt.dbpedia.org/resource/New_Wave
32708	http://pt.dbpedia.org/resource/Heavy_Metal
32725	http://pt.dbpedia.org/resource/Folk_rock
32768	http://pt.dbpedia.org/resource/Ópera
32768	http://pt.dbpedia.org/resource/Música_Clássica
32776	http://pt.dbpedia.org/resource/Música_clássica
32802	http://pt.dbpedia.org/resource/Folk
32802	http://pt.dbpedia.org/resource/Indie_pop
32802	http://pt.dbpedia.org/resource/Música_acústica
32911	http://pt.dbpedia.org/resource/Rock_and_Roll
32911	http://pt.dbpedia.org/resource/Rock_rolinga
32962	http://pt.dbpedia.org/resource/Hip-hop
32962	http://pt.dbpedia.org/resource/Rap
32986	http://pt.dbpedia.org/resource/Rock_alternativo
32986	http://pt.dbpedia.org/resource/Metal_alternativo
32986	http://pt.dbpedia.org/resource/Nu_metal
33001	http://pt.dbpedia.org/resource/Dance-pop
33001	http://pt.dbpedia.org/resource/Freestyle_(gênero_musical)
33008	http://pt.dbpedia.org/resource/Música_romântica
33008	http://pt.dbpedia.org/resource/Música_romântica
33350	http://pt.dbpedia.org/resource/Hardcore_punk
33350	http://pt.dbpedia.org/resource/Thrashcore
33433	http://pt.dbpedia.org/resource/Rock
33433	http://pt.dbpedia.org/resource/Música_psicadélica
33433	http://pt.dbpedia.org/resource/Música_Popular_Brasileira
33543	http://pt.dbpedia.org/resource/Flamenco
33543	http://pt.dbpedia.org/resource/Cigano
33547	http://pt.dbpedia.org/resource/Ópera
33571	http://pt.dbpedia.org/resource/Popular
33571	http://pt.dbpedia.org/resource/Popular
33613	http://pt.dbpedia.org/resource/Rock
33613	http://pt.dbpedia.org/resource/Punk
33681	http://pt.dbpedia.org/resource/Cantautor
33725	http://pt.dbpedia.org/resource/Hip_hop
33725	http://pt.dbpedia.org/resource/Música_Pop
33828	http://pt.dbpedia.org/resource/Rock_and_Roll
33828	http://pt.dbpedia.org/resource/Música_Pop
33828	http://pt.dbpedia.org/resource/Iê_Iê_Iê
33837	http://pt.dbpedia.org/resource/Punk_rock
33837	http://pt.dbpedia.org/resource/Rock_and_roll
33837	http://pt.dbpedia.org/resource/Rockabilly
33837	http://pt.dbpedia.org/resource/Punk_rock
33837	http://pt.dbpedia.org/resource/Rock_and_roll
33837	http://pt.dbpedia.org/resource/Rockabilly
34046	http://pt.dbpedia.org/resource/MPB
34046	http://pt.dbpedia.org/resource/Samba
34212	http://pt.dbpedia.org/resource/MPB
34333	http://pt.dbpedia.org/resource/Punk_rock
34333	http://pt.dbpedia.org/resource/Ska_punk
34333	http://pt.dbpedia.org/resource/Hardcore_melódico
34376	http://pt.dbpedia.org/resource/Rock_brasileiro
34376	http://pt.dbpedia.org/resource/MPB
34376	http://pt.dbpedia.org/resource/Samba
34419	http://pt.dbpedia.org/resource/Rock_and_roll
34419	http://pt.dbpedia.org/resource/Música_instrumental
34460	http://pt.dbpedia.org/resource/Blues
34460	http://pt.dbpedia.org/resource/Soul
34460	http://pt.dbpedia.org/resource/R&B
34460	http://pt.dbpedia.org/resource/Pop
34460	http://pt.dbpedia.org/resource/Hip-Hop
34460	http://pt.dbpedia.org/resource/Dance-Pop
34528	http://pt.dbpedia.org/resource/Jazz
34528	http://pt.dbpedia.org/resource/Soul
34528	http://pt.dbpedia.org/resource/Pop_Rock
34528	http://pt.dbpedia.org/resource/Teen_pop
34528	http://pt.dbpedia.org/resource/Música_pop
34727	http://pt.dbpedia.org/resource/Jazz
34727	http://pt.dbpedia.org/resource/Funk
34727	http://pt.dbpedia.org/resource/Jazz-funk
34747	http://pt.dbpedia.org/resource/Rock
34747	http://pt.dbpedia.org/resource/Gospel
34804	http://pt.dbpedia.org/resource/Pop
34804	http://pt.dbpedia.org/resource/Música_Popular_Brasileira
34821	http://pt.dbpedia.org/resource/Música_tradicional
35006	http://pt.dbpedia.org/resource/Ska
35006	http://pt.dbpedia.org/resource/Ska_jazz
35186	http://pt.dbpedia.org/resource/Samba
35186	http://pt.dbpedia.org/resource/Valsa
35191	http://pt.dbpedia.org/resource/Pop-rock
35191	http://pt.dbpedia.org/resource/Dance-pop
35191	http://pt.dbpedia.org/resource/Teen_pop
35191	http://pt.dbpedia.org/resource/Música_pop
35250	http://pt.dbpedia.org/resource/Swing_(jazz)
35250	http://pt.dbpedia.org/resource/Jazz
35250	http://pt.dbpedia.org/resource/Samba
35250	http://pt.dbpedia.org/resource/Choro
35250	http://pt.dbpedia.org/resource/Instrumental
35250	http://pt.dbpedia.org/resource/Música_instrumental
35250	http://pt.dbpedia.org/resource/Swing_(jazz)
35250	http://pt.dbpedia.org/resource/Jazz
35250	http://pt.dbpedia.org/resource/Samba
35250	http://pt.dbpedia.org/resource/Choro
35250	http://pt.dbpedia.org/resource/Instrumental
35250	http://pt.dbpedia.org/resource/Música_instrumental
35305	http://pt.dbpedia.org/resource/Pop-Rock
35311	http://pt.dbpedia.org/resource/Música_pop
35315	http://pt.dbpedia.org/resource/Rock
35453	http://pt.dbpedia.org/resource/Funk
35453	http://pt.dbpedia.org/resource/Soul
35453	http://pt.dbpedia.org/resource/Afrobeat
35454	http://pt.dbpedia.org/resource/Heavy_Metal
35454	http://pt.dbpedia.org/resource/Doom_Metal
35454	http://pt.dbpedia.org/resource/Power_Metal
35565	http://pt.dbpedia.org/resource/Música_da_França
36155	http://pt.dbpedia.org/resource/Pop
36178	http://pt.dbpedia.org/resource/Heavy_Metal
36249	http://pt.dbpedia.org/resource/Rock
36249	http://pt.dbpedia.org/resource/Reggae
36312	http://pt.dbpedia.org/resource/Jazz
36312	http://pt.dbpedia.org/resource/Rock_progressivo
36432	http://pt.dbpedia.org/resource/Punk_rock
36432	http://pt.dbpedia.org/resource/Hardcore_punk
36432	http://pt.dbpedia.org/resource/Heavy_metal
36432	http://pt.dbpedia.org/resource/Cowpunk
36442	http://pt.dbpedia.org/resource/MPB
36442	http://pt.dbpedia.org/resource/Bolero
36462	http://pt.dbpedia.org/resource/Folk_rock
36504	http://pt.dbpedia.org/resource/Rock
36651	http://pt.dbpedia.org/resource/Trilha_Sonora
36653	http://pt.dbpedia.org/resource/Jazz
36672	http://pt.dbpedia.org/resource/Literatura_infantojuvenil
36672	http://pt.dbpedia.org/resource/Literatura_de_viagem
36672	http://pt.dbpedia.org/resource/Ensaio
36672	http://pt.dbpedia.org/resource/Sátira
36672	http://pt.dbpedia.org/resource/Ficção
36672	http://pt.dbpedia.org/resource/Ficção_histórica
36672	http://pt.dbpedia.org/resource/Não_ficção
36746	http://pt.dbpedia.org/resource/Música_rock
36746	http://pt.dbpedia.org/resource/Música_rock
36966	http://pt.dbpedia.org/resource/Música_industrial
37036	http://pt.dbpedia.org/resource/Rock_and_roll
37269	http://pt.dbpedia.org/resource/Erudito
37346	http://pt.dbpedia.org/resource/Soul
37346	http://pt.dbpedia.org/resource/R&B
37346	http://pt.dbpedia.org/resource/Música_pop
37372	http://pt.dbpedia.org/resource/Rock_argentino
37372	http://pt.dbpedia.org/resource/Música_rock
37459	http://pt.dbpedia.org/resource/Metal_industrial
37459	http://pt.dbpedia.org/resource/Neue_Deutsche_Härte
37538	http://pt.dbpedia.org/resource/MPB
37538	http://pt.dbpedia.org/resource/Jazz
37538	http://pt.dbpedia.org/resource/Bossa_Nova
37538	http://pt.dbpedia.org/resource/Música_Pop
37556	http://pt.dbpedia.org/resource/Pop_rock
37556	http://pt.dbpedia.org/resource/Dance_pop
37556	http://pt.dbpedia.org/resource/Teen_pop
37556	http://pt.dbpedia.org/resource/Música_pop
37592	http://pt.dbpedia.org/resource/Disco_Music
37592	http://pt.dbpedia.org/resource/Flamenco
37829	http://pt.dbpedia.org/resource/Metal_progressivo
37829	http://pt.dbpedia.org/resource/Thrash_metal
37829	http://pt.dbpedia.org/resource/Metal_gótico
37927	http://pt.dbpedia.org/resource/Pop_rock
37952	http://pt.dbpedia.org/resource/Música_popular
38097	http://pt.dbpedia.org/resource/Rockabilly
38097	http://pt.dbpedia.org/resource/Rock_and_Roll
38097	http://pt.dbpedia.org/resource/Iê-Iê-Iê
38274	http://pt.dbpedia.org/resource/Música_instrumental
38274	http://pt.dbpedia.org/resource/Música_nativista
38414	http://pt.dbpedia.org/resource/Tango
38425	http://pt.dbpedia.org/resource/Ska
38425	http://pt.dbpedia.org/resource/Rockabilly
38425	http://pt.dbpedia.org/resource/Rock_and_Roll
38425	http://pt.dbpedia.org/resource/Twist
38425	http://pt.dbpedia.org/resource/Ska
38425	http://pt.dbpedia.org/resource/Rockabilly
38425	http://pt.dbpedia.org/resource/Rock_and_Roll
38425	http://pt.dbpedia.org/resource/Twist
38933	http://pt.dbpedia.org/resource/Samba
38993	http://pt.dbpedia.org/resource/J-pop
38993	http://pt.dbpedia.org/resource/Japanese_rock
39252	http://pt.dbpedia.org/resource/Samba
39252	http://pt.dbpedia.org/resource/Samba-Canção
39252	http://pt.dbpedia.org/resource/Sambalanço
39528	http://pt.dbpedia.org/resource/Música_pop
39537	http://pt.dbpedia.org/resource/Gospel
39537	http://pt.dbpedia.org/resource/R&B
39537	http://pt.dbpedia.org/resource/Rock_and_Roll
39686	http://pt.dbpedia.org/resource/MPB
39686	http://pt.dbpedia.org/resource/Samba
39686	http://pt.dbpedia.org/resource/Samba-reggae
39686	http://pt.dbpedia.org/resource/Bossa_Nova
39686	http://pt.dbpedia.org/resource/Funk
39686	http://pt.dbpedia.org/resource/Soul
39686	http://pt.dbpedia.org/resource/Maracatu
39686	http://pt.dbpedia.org/resource/Musica_pop
39686	http://pt.dbpedia.org/resource/Axé_(gênero_musical)
39741	http://pt.dbpedia.org/resource/Samba
39741	http://pt.dbpedia.org/resource/Pagode_(estilo_musical)
39741	http://pt.dbpedia.org/resource/Axé_(gênero_musical)
39818	http://pt.dbpedia.org/resource/Tango
40050	http://pt.dbpedia.org/resource/Aventura
40050	http://pt.dbpedia.org/resource/Ficção_científica
40085	http://pt.dbpedia.org/resource/House_music
40085	http://pt.dbpedia.org/resource/Pop_music
40085	http://pt.dbpedia.org/resource/Dance_music
40085	http://pt.dbpedia.org/resource/Electropop
40085	http://pt.dbpedia.org/resource/Música_eletrônica
40158	http://pt.dbpedia.org/resource/MPB
40158	http://pt.dbpedia.org/resource/Marchinha_de_carnaval
40365	http://pt.dbpedia.org/resource/Fusão
40365	http://pt.dbpedia.org/resource/Música_popular_portuguesa
40428	http://pt.dbpedia.org/resource/Modernismo
40428	http://pt.dbpedia.org/resource/Futurismo
40512	http://pt.dbpedia.org/resource/Fado
40705	http://pt.dbpedia.org/resource/Folk
40705	http://pt.dbpedia.org/resource/Folk
40800	http://pt.dbpedia.org/resource/Metal_sinfônico
41029	http://pt.dbpedia.org/resource/Jazz
41029	http://pt.dbpedia.org/resource/Flamenco
41116	http://pt.dbpedia.org/resource/MPB
41116	http://pt.dbpedia.org/resource/Samba
41208	http://pt.dbpedia.org/resource/Faroeste
41208	http://pt.dbpedia.org/resource/Comédia
41268	http://pt.dbpedia.org/resource/Punk_rock
41268	http://pt.dbpedia.org/resource/Hard_rock
41268	http://pt.dbpedia.org/resource/Música_cristã_contemporânea
41335	http://pt.dbpedia.org/resource/Pop_rock
41421	http://pt.dbpedia.org/resource/Rock_cristão
41426	http://pt.dbpedia.org/resource/Klezmer
41569	http://pt.dbpedia.org/resource/Blues
41569	http://pt.dbpedia.org/resource/R&B
41569	http://pt.dbpedia.org/resource/Rock_and_Roll
41569	http://pt.dbpedia.org/resource/Jump_Blues
41817	http://pt.dbpedia.org/resource/Rock
41817	http://pt.dbpedia.org/resource/Música_eletrônica
41817	http://pt.dbpedia.org/resource/Música_Pop
41848	http://pt.dbpedia.org/resource/Electrohop
41883	http://pt.dbpedia.org/resource/Romantismo
41955	http://pt.dbpedia.org/resource/Bebop
41971	http://pt.dbpedia.org/resource/Rock
41971	http://pt.dbpedia.org/resource/Soul
41971	http://pt.dbpedia.org/resource/Pop
42021	http://pt.dbpedia.org/resource/Canto_congregacional
42021	http://pt.dbpedia.org/resource/Música_gospel
42089	http://pt.dbpedia.org/resource/MPB
42089	http://pt.dbpedia.org/resource/MPB
42223	http://pt.dbpedia.org/resource/Fado
42223	http://pt.dbpedia.org/resource/Música_popular
42230	http://pt.dbpedia.org/resource/Música_pop
42270	http://pt.dbpedia.org/resource/Rock_and_roll
42277	http://pt.dbpedia.org/resource/Axé_Music
42347	http://pt.dbpedia.org/resource/Rebético
42349	http://pt.dbpedia.org/resource/Jazz
42349	http://pt.dbpedia.org/resource/Comédia
42349	http://pt.dbpedia.org/resource/Dança_de_salão
42390	http://pt.dbpedia.org/resource/Rock_progressivo
42390	http://pt.dbpedia.org/resource/World_music
42390	http://pt.dbpedia.org/resource/Rock_psicodélico
42440	http://pt.dbpedia.org/resource/CCM/Contemporary_Gospel
42532	http://pt.dbpedia.org/resource/Choro
42532	http://pt.dbpedia.org/resource/Música_clássica
42532	http://pt.dbpedia.org/resource/Choro
42532	http://pt.dbpedia.org/resource/Música_clássica
42707	http://pt.dbpedia.org/resource/Blues
42707	http://pt.dbpedia.org/resource/R&B
42707	http://pt.dbpedia.org/resource/Rock_and_Roll
42707	http://pt.dbpedia.org/resource/Jump_Blues
42865	http://pt.dbpedia.org/resource/Música_sertaneja
42896	http://pt.dbpedia.org/resource/Boy_band
42914	http://pt.dbpedia.org/resource/Pop
42929	http://pt.dbpedia.org/resource/Rock_progressivo
43029	http://pt.dbpedia.org/resource/Comédia
43113	http://pt.dbpedia.org/resource/Gothic_metal
43293	http://pt.dbpedia.org/resource/Synthpop
43293	http://pt.dbpedia.org/resource/Dance_music
43293	http://pt.dbpedia.org/resource/Electropop
43293	http://pt.dbpedia.org/resource/Música_pop
43472	http://pt.dbpedia.org/resource/Jazz_fusion
43679	http://pt.dbpedia.org/resource/Power_metal
43679	http://pt.dbpedia.org/resource/Hard_rock
44001	http://pt.dbpedia.org/resource/Heavy_metal
44099	http://pt.dbpedia.org/resource/Rock
44099	http://pt.dbpedia.org/resource/Pop/Rock
44107	http://pt.dbpedia.org/resource/MPB
44157	http://pt.dbpedia.org/resource/J-pop
44157	http://pt.dbpedia.org/resource/Japanese_rock
44170	http://pt.dbpedia.org/resource/Folk_rock
44170	http://pt.dbpedia.org/resource/Balada
44370	http://pt.dbpedia.org/resource/Música_romântica
44391	http://pt.dbpedia.org/resource/Punk_rock
44393	http://pt.dbpedia.org/resource/Rock_argentino
44393	http://pt.dbpedia.org/resource/Música_rock
44393	http://pt.dbpedia.org/resource/Rock_argentino
44393	http://pt.dbpedia.org/resource/Música_rock
44464	http://pt.dbpedia.org/resource/R&B
44464	http://pt.dbpedia.org/resource/Dance-pop
44464	http://pt.dbpedia.org/resource/Pop
44464	http://pt.dbpedia.org/resource/Hip_Hop
44530	http://pt.dbpedia.org/resource/Lírico
44619	http://pt.dbpedia.org/resource/Rock
44619	http://pt.dbpedia.org/resource/Blues
44619	http://pt.dbpedia.org/resource/Indie_rock
44619	http://pt.dbpedia.org/resource/Música_pop
44657	http://pt.dbpedia.org/resource/Drama
45010	http://pt.dbpedia.org/resource/Rock
45010	http://pt.dbpedia.org/resource/Synth_rock
45077	http://pt.dbpedia.org/resource/Mento
45231	http://pt.dbpedia.org/resource/Rhythm_and_blues
45231	http://pt.dbpedia.org/resource/Hip_hop
45579	http://pt.dbpedia.org/resource/Pop_rock
45579	http://pt.dbpedia.org/resource/Teen_pop
45579	http://pt.dbpedia.org/resource/Música_pop
45604	http://pt.dbpedia.org/resource/Música_barroca
45615	http://pt.dbpedia.org/resource/Música_disco
45615	http://pt.dbpedia.org/resource/Música_Pop
45661	http://pt.dbpedia.org/resource/Power_metal
45661	http://pt.dbpedia.org/resource/Neo-classical_metal
45661	http://pt.dbpedia.org/resource/Metal_sinfônico
45669	http://pt.dbpedia.org/resource/Samba
45669	http://pt.dbpedia.org/resource/Choro
45669	http://pt.dbpedia.org/resource/Valsa
45669	http://pt.dbpedia.org/resource/Polka
45669	http://pt.dbpedia.org/resource/Marcha_(música)
45669	http://pt.dbpedia.org/resource/Tango_brasileiro
45736	http://pt.dbpedia.org/resource/Lambada
45736	http://pt.dbpedia.org/resource/Merengue
45736	http://pt.dbpedia.org/resource/Cúmbia
45736	http://pt.dbpedia.org/resource/Carimbó
45736	http://pt.dbpedia.org/resource/Siriá
45736	http://pt.dbpedia.org/resource/Sirimbó
45740	http://pt.dbpedia.org/resource/Heavy_metal
45740	http://pt.dbpedia.org/resource/Hard_rock
45922	http://pt.dbpedia.org/resource/Free-jazz
45938	http://pt.dbpedia.org/resource/Pop_rock
45938	http://pt.dbpedia.org/resource/Country
45938	http://pt.dbpedia.org/resource/Comédia
46092	http://pt.dbpedia.org/resource/MPB
46122	http://pt.dbpedia.org/resource/Reggae
46188	http://pt.dbpedia.org/resource/Heavy_metal
46188	http://pt.dbpedia.org/resource/Metal_progressivo
46212	http://pt.dbpedia.org/resource/Cinema_western
46212	http://pt.dbpedia.org/resource/Comédia_musical
46278	http://pt.dbpedia.org/resource/Folk_rock
46278	http://pt.dbpedia.org/resource/Blues
46288	http://pt.dbpedia.org/resource/Pop_rock
46320	http://pt.dbpedia.org/resource/Música_Clássica
46324	http://pt.dbpedia.org/resource/Punk_rock
46324	http://pt.dbpedia.org/resource/Space_rock
46478	http://pt.dbpedia.org/resource/Rhythm_and_blues
46478	http://pt.dbpedia.org/resource/Dance-pop
46478	http://pt.dbpedia.org/resource/Música_pop
46793	http://pt.dbpedia.org/resource/Drama
46793	http://pt.dbpedia.org/resource/Suspense
46793	http://pt.dbpedia.org/resource/Filme_de_ação
46838	http://pt.dbpedia.org/resource/Flamenco
47019	http://pt.dbpedia.org/resource/Música_popular
47019	http://pt.dbpedia.org/resource/Música_popular
47098	http://pt.dbpedia.org/resource/Fado
47540	http://pt.dbpedia.org/resource/Tango
47540	http://pt.dbpedia.org/resource/Tango
47555	http://pt.dbpedia.org/resource/Hip_hop
47555	http://pt.dbpedia.org/resource/Pop_rap
47555	http://pt.dbpedia.org/resource/Underground
47625	http://pt.dbpedia.org/resource/Rock_alternativo
47625	http://pt.dbpedia.org/resource/Grunge
47758	http://pt.dbpedia.org/resource/R&B
47758	http://pt.dbpedia.org/resource/Pop
47811	http://pt.dbpedia.org/resource/Rock
47811	http://pt.dbpedia.org/resource/Pop_Rock
47811	http://pt.dbpedia.org/resource/Rock_Alternativo
47825	http://pt.dbpedia.org/resource/Rock_psicodélico
47825	http://pt.dbpedia.org/resource/Rock_psicodélico
47874	http://pt.dbpedia.org/resource/MPB
47874	http://pt.dbpedia.org/resource/Jazz
47874	http://pt.dbpedia.org/resource/Samba
47874	http://pt.dbpedia.org/resource/Bossa_Nova
47874	http://pt.dbpedia.org/resource/Pagode
47874	http://pt.dbpedia.org/resource/Pop
47874	http://pt.dbpedia.org/resource/Música_Romântica
48266	http://pt.dbpedia.org/resource/Rock
48266	http://pt.dbpedia.org/resource/Rock
48352	http://pt.dbpedia.org/resource/Dance-pop
48352	http://pt.dbpedia.org/resource/Freestyle_(gênero_musical)
48392	http://pt.dbpedia.org/resource/House_music
48392	http://pt.dbpedia.org/resource/Pop_music
48392	http://pt.dbpedia.org/resource/Dance_music
48392	http://pt.dbpedia.org/resource/Electropop
48392	http://pt.dbpedia.org/resource/Música_eletrônica
48456	http://pt.dbpedia.org/resource/Rock
48456	http://pt.dbpedia.org/resource/Pop
48457	http://pt.dbpedia.org/resource/Rock
48457	http://pt.dbpedia.org/resource/Pop
48477	http://pt.dbpedia.org/resource/Samba
48477	http://pt.dbpedia.org/resource/Choro
48477	http://pt.dbpedia.org/resource/Forró
48881	http://pt.dbpedia.org/resource/Música_clássica
49151	http://pt.dbpedia.org/resource/Pop_latino
49151	http://pt.dbpedia.org/resource/Dance_pop
49151	http://pt.dbpedia.org/resource/Música_pop
49341	http://pt.dbpedia.org/resource/Samba
49341	http://pt.dbpedia.org/resource/Samba
49432	http://pt.dbpedia.org/resource/Romantismo
49741	http://pt.dbpedia.org/resource/Música_popular
50266	http://pt.dbpedia.org/resource/Música_pop
50312	http://pt.dbpedia.org/resource/Pop_rock
50374	http://pt.dbpedia.org/resource/Soul
50620	http://pt.dbpedia.org/resource/Rock_brasileiro
50620	http://pt.dbpedia.org/resource/MPB
50620	http://pt.dbpedia.org/resource/Funk
50620	http://pt.dbpedia.org/resource/Música_pop
51219	http://pt.dbpedia.org/resource/Samba
51264	http://pt.dbpedia.org/resource/Dance
51264	http://pt.dbpedia.org/resource/Música_pop
51918	http://pt.dbpedia.org/resource/MPB
51918	http://pt.dbpedia.org/resource/Jazz
51918	http://pt.dbpedia.org/resource/Big_Band
51918	http://pt.dbpedia.org/resource/Instrumental
52264	http://pt.dbpedia.org/resource/Death_metal
52423	http://pt.dbpedia.org/resource/Rock
52423	http://pt.dbpedia.org/resource/Grunge
52423	http://pt.dbpedia.org/resource/Hard_rock
52992	http://pt.dbpedia.org/resource/Dance_music
52992	http://pt.dbpedia.org/resource/Música_pop
52994	http://pt.dbpedia.org/resource/Tango
52994	http://pt.dbpedia.org/resource/Bolero
52994	http://pt.dbpedia.org/resource/Música_popular
53050	http://pt.dbpedia.org/resource/Romance
53050	http://pt.dbpedia.org/resource/Sátira
53054	http://pt.dbpedia.org/resource/Indie_Pop
53148	http://pt.dbpedia.org/resource/Fado
53748	http://pt.dbpedia.org/resource/Música_popular_portuguesa
53748	http://pt.dbpedia.org/resource/Música_popular_portuguesa
53995	http://pt.dbpedia.org/resource/Country
54034	http://pt.dbpedia.org/resource/Música_brasileira
54109	http://pt.dbpedia.org/resource/Rock_brasileiro
54109	http://pt.dbpedia.org/resource/Pop_rock
54196	http://pt.dbpedia.org/resource/MPB
54196	http://pt.dbpedia.org/resource/Samba
54196	http://pt.dbpedia.org/resource/Rock_Progressivo
54196	http://pt.dbpedia.org/resource/Pop_Rock
54196	http://pt.dbpedia.org/resource/Rock_and_Roll
54196	http://pt.dbpedia.org/resource/Rock_Rural
54196	http://pt.dbpedia.org/resource/Indie
54296	http://pt.dbpedia.org/resource/Soul
54296	http://pt.dbpedia.org/resource/R&B
54522	http://pt.dbpedia.org/resource/Mezzosoprano
54522	http://pt.dbpedia.org/resource/Mezzosoprano
54614	http://pt.dbpedia.org/resource/Ópera
55059	http://pt.dbpedia.org/resource/Música_clássica
55059	http://pt.dbpedia.org/resource/Música_clássica
55335	http://pt.dbpedia.org/resource/Música_de_intervenção
55396	http://pt.dbpedia.org/resource/Ópera
55690	http://pt.dbpedia.org/resource/MPB
56051	http://pt.dbpedia.org/resource/Rock
56051	http://pt.dbpedia.org/resource/Indie
56051	http://pt.dbpedia.org/resource/Música_pop
56110	http://pt.dbpedia.org/resource/Samba-sincopado
56121	http://pt.dbpedia.org/resource/Música_clássica
56353	http://pt.dbpedia.org/resource/Hardcore_punk
56454	http://pt.dbpedia.org/resource/Salsa
56454	http://pt.dbpedia.org/resource/Merengue
56454	http://pt.dbpedia.org/resource/Carimbó
56454	http://pt.dbpedia.org/resource/MPP
56480	http://pt.dbpedia.org/resource/Rock
56510	http://pt.dbpedia.org/resource/Música_cristã_contemporânea
56541	http://pt.dbpedia.org/resource/Fado
56599	http://pt.dbpedia.org/resource/Rock
56599	http://pt.dbpedia.org/resource/Indie
56599	http://pt.dbpedia.org/resource/Música_pop
56697	http://pt.dbpedia.org/resource/Reggae
56997	http://pt.dbpedia.org/resource/Grunge
56997	http://pt.dbpedia.org/resource/Doom_Metal
57374	http://pt.dbpedia.org/resource/Dance
57374	http://pt.dbpedia.org/resource/Pop_Rock
57374	http://pt.dbpedia.org/resource/Pop
57467	http://pt.dbpedia.org/resource/Dance
57467	http://pt.dbpedia.org/resource/Pop
57695	http://pt.dbpedia.org/resource/Hard_rock
58220	http://pt.dbpedia.org/resource/Folk
58388	http://pt.dbpedia.org/resource/Electropop
58388	http://pt.dbpedia.org/resource/Música_pop
58749	http://pt.dbpedia.org/resource/Ópera
58809	http://pt.dbpedia.org/resource/Trilha_sonora
59045	http://pt.dbpedia.org/resource/Rock_alternativo
59045	http://pt.dbpedia.org/resource/Art_rock
59045	http://pt.dbpedia.org/resource/Space_rock
59045	http://pt.dbpedia.org/resource/Post-grunge
59226	http://pt.dbpedia.org/resource/Hip-hop
59226	http://pt.dbpedia.org/resource/IDM
59226	http://pt.dbpedia.org/resource/Música_ambiente
59233	http://pt.dbpedia.org/resource/Indie_Rock
59233	http://pt.dbpedia.org/resource/Country
59444	http://pt.dbpedia.org/resource/Cristão
59496	http://pt.dbpedia.org/resource/Trilha_sonora
59496	http://pt.dbpedia.org/resource/Sinfonia
59720	http://pt.dbpedia.org/resource/R&B
59720	http://pt.dbpedia.org/resource/Hip-hop
59720	http://pt.dbpedia.org/resource/Rap
59823	http://pt.dbpedia.org/resource/Jazz_fusion
59823	http://pt.dbpedia.org/resource/Música_do_mundo
59996	http://pt.dbpedia.org/resource/Rap
59996	http://pt.dbpedia.org/resource/Hip_hop_alternativo
60050	http://pt.dbpedia.org/resource/Música_pop
60130	http://pt.dbpedia.org/resource/Música_de_câmara
60130	http://pt.dbpedia.org/resource/Música_de_câmara
60152	http://pt.dbpedia.org/resource/Pop
60398	http://pt.dbpedia.org/resource/Rock_alternativo
60398	http://pt.dbpedia.org/resource/Heavy_metal
60398	http://pt.dbpedia.org/resource/Metal_alternativo
60398	http://pt.dbpedia.org/resource/Metal_progressivo
60398	http://pt.dbpedia.org/resource/Rock_progressivo
60462	http://pt.dbpedia.org/resource/R&B
60462	http://pt.dbpedia.org/resource/Música_pop
60527	http://pt.dbpedia.org/resource/Rock
60527	http://pt.dbpedia.org/resource/Acid_jazz
60527	http://pt.dbpedia.org/resource/Hip_hop
60527	http://pt.dbpedia.org/resource/Dub
60527	http://pt.dbpedia.org/resource/Drum_and_bass
60527	http://pt.dbpedia.org/resource/Nu_jazz
60527	http://pt.dbpedia.org/resource/Abstract_hip-hop
60787	http://pt.dbpedia.org/resource/Música_nativista
60909	http://pt.dbpedia.org/resource/R&B
60909	http://pt.dbpedia.org/resource/Hip_hop
60917	http://pt.dbpedia.org/resource/Música_popular_brasileira
60968	http://pt.dbpedia.org/resource/Rock_and_Roll
61107	http://pt.dbpedia.org/resource/Power_metal
61107	http://pt.dbpedia.org/resource/True_metal
61797	http://pt.dbpedia.org/resource/House_music
61797	http://pt.dbpedia.org/resource/Electro
61907	http://pt.dbpedia.org/resource/Música_pop
62137	http://pt.dbpedia.org/resource/Punk_rock
62137	http://pt.dbpedia.org/resource/Thrash_metal
62137	http://pt.dbpedia.org/resource/Crossover_(música)
62375	http://pt.dbpedia.org/resource/Ópera
62570	http://pt.dbpedia.org/resource/J-pop
62570	http://pt.dbpedia.org/resource/Japanese_rock
62588	http://pt.dbpedia.org/resource/Samba
62699	http://pt.dbpedia.org/resource/Rock
62872	http://pt.dbpedia.org/resource/Jazz_fusion
62872	http://pt.dbpedia.org/resource/Hard_rock
62872	http://pt.dbpedia.org/resource/Progressive_metal
62872	http://pt.dbpedia.org/resource/Instrumental_rock
63126	http://pt.dbpedia.org/resource/MPB
63251	http://pt.dbpedia.org/resource/MPB
63642	http://pt.dbpedia.org/resource/Rock_instrumental
63642	http://pt.dbpedia.org/resource/Rock_and_Roll
63731	http://pt.dbpedia.org/resource/Rock_progressivo
63840	http://pt.dbpedia.org/resource/Soul
63840	http://pt.dbpedia.org/resource/Música_pop
64038	http://pt.dbpedia.org/resource/Moda_de_viola
64038	http://pt.dbpedia.org/resource/Música_sertaneja
64386	http://pt.dbpedia.org/resource/Blues
64489	http://pt.dbpedia.org/resource/Heavy_Metal
64489	http://pt.dbpedia.org/resource/Power_Metal
64489	http://pt.dbpedia.org/resource/Heavy_Metal
64489	http://pt.dbpedia.org/resource/Power_Metal
64508	http://pt.dbpedia.org/resource/Rock_alternativo
64508	http://pt.dbpedia.org/resource/Pop_rock
64508	http://pt.dbpedia.org/resource/Funk
64508	http://pt.dbpedia.org/resource/Soul
64508	http://pt.dbpedia.org/resource/Música_pop
64761	http://pt.dbpedia.org/resource/Heavy_metal
65183	http://pt.dbpedia.org/resource/World_Music
65530	http://pt.dbpedia.org/resource/Electro_hop
65530	http://pt.dbpedia.org/resource/West_coast_hip_hop
65805	http://pt.dbpedia.org/resource/MPB
66034	http://pt.dbpedia.org/resource/Rock_alternativo
66034	http://pt.dbpedia.org/resource/Britpop
66226	http://pt.dbpedia.org/resource/New_age
66226	http://pt.dbpedia.org/resource/Música_celta
66296	http://pt.dbpedia.org/resource/Reggae
66296	http://pt.dbpedia.org/resource/R&B
66296	http://pt.dbpedia.org/resource/Hip_hop
66296	http://pt.dbpedia.org/resource/Dancehall
66296	http://pt.dbpedia.org/resource/Música_pop
66315	http://pt.dbpedia.org/resource/Blues
66315	http://pt.dbpedia.org/resource/Rock_and_Roll
66407	http://pt.dbpedia.org/resource/Pop-rock
66488	http://pt.dbpedia.org/resource/New_Age
66656	http://pt.dbpedia.org/resource/Pop_Rock
67091	http://pt.dbpedia.org/resource/Música_Instrumental_Brasileira_Contemporânea
67184	http://pt.dbpedia.org/resource/Rock
67236	http://pt.dbpedia.org/resource/Dance-Pop
67236	http://pt.dbpedia.org/resource/Latin_Pop
67393	http://pt.dbpedia.org/resource/Jazz
67393	http://pt.dbpedia.org/resource/Rock
67393	http://pt.dbpedia.org/resource/Blues
67393	http://pt.dbpedia.org/resource/Soul
67470	http://pt.dbpedia.org/resource/Hard_rock
67470	http://pt.dbpedia.org/resource/Rock_progressivo
68085	http://pt.dbpedia.org/resource/Pop-Rock
68219	http://pt.dbpedia.org/resource/Choro,_samba
68241	http://pt.dbpedia.org/resource/Heavy_metal
68241	http://pt.dbpedia.org/resource/Power_metal
68241	http://pt.dbpedia.org/resource/Heavy_metal
68241	http://pt.dbpedia.org/resource/Power_metal
68371	http://pt.dbpedia.org/resource/Jazz
68371	http://pt.dbpedia.org/resource/Rock
68371	http://pt.dbpedia.org/resource/Blues
68371	http://pt.dbpedia.org/resource/Funk
68371	http://pt.dbpedia.org/resource/Música_clássica
68626	http://pt.dbpedia.org/resource/Power_metal
68626	http://pt.dbpedia.org/resource/Metal_Neoclássico
68665	http://pt.dbpedia.org/resource/Eurodance
68857	http://pt.dbpedia.org/resource/Punk_rock
68857	http://pt.dbpedia.org/resource/Hardcore_punk
69880	http://pt.dbpedia.org/resource/Dance-pop
70347	http://pt.dbpedia.org/resource/Rock_alternativo
70347	http://pt.dbpedia.org/resource/Pop_rock
70347	http://pt.dbpedia.org/resource/Rock_cristão
70523	http://pt.dbpedia.org/resource/Metal_Progressivo
70863	http://pt.dbpedia.org/resource/Rock_alternativo
70876	http://pt.dbpedia.org/resource/Rock
70876	http://pt.dbpedia.org/resource/Reggae
71366	http://pt.dbpedia.org/resource/R&B
71366	http://pt.dbpedia.org/resource/Hip_hop
71366	http://pt.dbpedia.org/resource/Rap
71366	http://pt.dbpedia.org/resource/Black_music
71366	http://pt.dbpedia.org/resource/Pop_rap
71481	http://pt.dbpedia.org/resource/Funk
71530	http://pt.dbpedia.org/resource/Tango
71530	http://pt.dbpedia.org/resource/Tango
72063	http://pt.dbpedia.org/resource/Rock
72063	http://pt.dbpedia.org/resource/Indie_pop
72216	http://pt.dbpedia.org/resource/Jazz
72216	http://pt.dbpedia.org/resource/Rock_Progressivo
72442	http://pt.dbpedia.org/resource/Rock_alternativo
72442	http://pt.dbpedia.org/resource/Pop_rock
72442	http://pt.dbpedia.org/resource/Rock_experimental
72775	http://pt.dbpedia.org/resource/Jazz
72775	http://pt.dbpedia.org/resource/Blues
72775	http://pt.dbpedia.org/resource/Soul
72775	http://pt.dbpedia.org/resource/Rhythm_and_Blues
72775	http://pt.dbpedia.org/resource/Rock'n'Roll
73068	http://pt.dbpedia.org/resource/Música_clássica
73329	http://pt.dbpedia.org/resource/Pop/Rock
73686	http://pt.dbpedia.org/resource/Dance
73686	http://pt.dbpedia.org/resource/R&B
73686	http://pt.dbpedia.org/resource/Música_pop
74526	http://pt.dbpedia.org/resource/Hip-Hop
75061	http://pt.dbpedia.org/resource/Gospel
75061	http://pt.dbpedia.org/resource/R&B
75061	http://pt.dbpedia.org/resource/Rock_and_Roll
75184	http://pt.dbpedia.org/resource/Punk_rock
75184	http://pt.dbpedia.org/resource/Rock_alternativo
75184	http://pt.dbpedia.org/resource/Pop_punk
75184	http://pt.dbpedia.org/resource/Skate_punk
75229	http://pt.dbpedia.org/resource/R&B
75229	http://pt.dbpedia.org/resource/Hip-hop
75229	http://pt.dbpedia.org/resource/Música_pop
75820	http://pt.dbpedia.org/resource/Música_pop
76340	http://pt.dbpedia.org/resource/Rock
76340	http://pt.dbpedia.org/resource/Blues
76340	http://pt.dbpedia.org/resource/Indie_rock
76340	http://pt.dbpedia.org/resource/Música_pop
77374	http://pt.dbpedia.org/resource/Hard_Rock
77582	http://pt.dbpedia.org/resource/Jazz
77582	http://pt.dbpedia.org/resource/Samba
77661	http://pt.dbpedia.org/resource/Fado
77661	http://pt.dbpedia.org/resource/Música_popular
77696	http://pt.dbpedia.org/resource/Rock_latino
77696	http://pt.dbpedia.org/resource/Pop
77696	http://pt.dbpedia.org/resource/Música_rock
77696	http://pt.dbpedia.org/resource/Rock_latino
77696	http://pt.dbpedia.org/resource/Pop
77696	http://pt.dbpedia.org/resource/Música_rock
77833	http://pt.dbpedia.org/resource/Pop_rock
77833	http://pt.dbpedia.org/resource/Hard_rock
78107	http://pt.dbpedia.org/resource/Heavy_metal
78107	http://pt.dbpedia.org/resource/Hard_rock
78605	http://pt.dbpedia.org/resource/Rock_alternativo
78835	http://pt.dbpedia.org/resource/Metal_sinfônico
78835	http://pt.dbpedia.org/resource/Metal_gótico
79013	http://pt.dbpedia.org/resource/Death_metal_progressivo
79262	http://pt.dbpedia.org/resource/R&B
79262	http://pt.dbpedia.org/resource/Dance-Pop
79262	http://pt.dbpedia.org/resource/Música_pop
79332	http://pt.dbpedia.org/resource/Electropop
79332	http://pt.dbpedia.org/resource/Música_pop
